ID,Nombre,Cédula,Rol,Contraseña,Departamento,Municipio,Zona,Puesto,Mesa,Ubicación Completa,Activo,Presencia Verificada,Último Acceso
3,QUINDIO,Sin cédula,coordinador_departamental,test123,QUINDIO,,,,,QUINDIO,Sí,No,Nunca
4,ARMENIA,Sin cédula,coordinador_municipal,test123,QUINDIO,ARMENIA,,,,QUINDIO - ARMENIA,Sí,No,Nunca
5,BUENAVISTA,Sin cédula,coordinador_municipal,test123,QUINDIO,BUENAVISTA,,,,QUINDIO - BUENAVISTA,Sí,No,Nunca
6,CALARCA,Sin cédula,coordinador_municipal,test123,QUINDIO,CALARCA,,,,QUINDIO - CALARCA,Sí,No,Nunca
7,CIRCASIA,Sin cédula,coordinador_municipal,test123,QUINDIO,CIRCASIA,,,,QUINDIO - CIRCASIA,Sí,No,Nunca
8,CORDOBA,Sin cédula,coordinador_municipal,test123,QUINDIO,CORDOBA,,,,QUINDIO - CORDOBA,Sí,No,Nunca
9,FILANDIA,Sin cédula,coordinador_municipal,test123,QUINDIO,FILANDIA,,,,QUINDIO - FILANDIA,Sí,No,Nunca
10,GENOVA,Sin cédula,coordinador_municipal,test123,QUINDIO,GENOVA,,,,QUINDIO - GENOVA,Sí,No,Nunca
11,LA_TEBAIDA,Sin cédula,coordinador_municipal,test123,QUINDIO,LA TEBAIDA,,,,QUINDIO - LA TEBAIDA,Sí,No,Nunca
12,MONTENEGRO,Sin cédula,coordinador_municipal,test123,QUINDIO,MONTENEGRO,,,,QUINDIO - MONTENEGRO,Sí,No,Nunca
13,PIJAO,Sin cédula,coordinador_municipal,test123,QUINDIO,PIJAO,,,,QUINDIO - PIJAO,Sí,No,Nunca
14,QUIMBAYA,Sin cédula,coordinador_municipal,test123,QUINDIO,QUIMBAYA,,,,QUINDIO - QUIMBAYA,Sí,No,Nunca
15,SALENTO,Sin cédula,coordinador_municipal,test123,QUINDIO,SALENTO,,,,QUINDIO - SALENTO,Sí,No,Nunca
16,ARMENIA_P01,Sin cédula,coordinador_puesto,test123,QUINDIO,ARMENIA,Zona 01,IE TERESITA MONTES SD LUIS C. GALAN S.,,QUINDIO - ARMENIA - Zona 01 - IE TERESITA MONTES SD LUIS C. GALAN S.,Sí,No,Nunca
21,ARMENIA_P01,Sin cédula,coordinador_puesto,test123,QUINDIO,ARMENIA,Zona 02,IE RUFINO SUR SEDE MADRE MARCE,,QUINDIO - ARMENIA - Zona 02 - IE RUFINO SUR SEDE MADRE MARCE,Sí,No,Nunca
25,ARMENIA_P01,Sin cédula,coordinador_puesto,test123,QUINDIO,ARMENIA,Zona 03,IE ZULDEMAYDA,,QUINDIO - ARMENIA - Zona 03 - IE ZULDEMAYDA,Sí,No,Nunca
30,ARMENIA_P01,Sin cédula,coordinador_puesto,test123,QUINDIO,ARMENIA,Zona 04,IE NUESTRA SEÑORA DE BELEN,,QUINDIO - ARMENIA - Zona 04 - IE NUESTRA SEÑORA DE BELEN,Sí,No,Nunca
33,ARMENIA_P01,Sin cédula,coordinador_puesto,test123,QUINDIO,ARMENIA,Zona 05,IE JESUS MARIA OCAMPO,,QUINDIO - ARMENIA - Zona 05 - IE JESUS MARIA OCAMPO,Sí,No,Nunca
37,ARMENIA_P01,Sin cédula,coordinador_puesto,test123,QUINDIO,ARMENIA,Zona 06,IE RUFINO CUERVO CENT SEDE ANT,,QUINDIO - ARMENIA - Zona 06 - IE RUFINO CUERVO CENT SEDE ANT,Sí,No,Nunca
41,ARMENIA_P01,Sin cédula,coordinador_puesto,test123,QUINDIO,ARMENIA,Zona 07,IE RUFINO JOSE CUERVO CENTRO,,QUINDIO - ARMENIA - Zona 07 - IE RUFINO JOSE CUERVO CENTRO,Sí,No,Nunca
45,ARMENIA_P01,Sin cédula,coordinador_puesto,test123,QUINDIO,ARMENIA,Zona 08,IE CIUDAD ARMENIA,,QUINDIO - ARMENIA - Zona 08 - IE CIUDAD ARMENIA,Sí,No,Nunca
49,ARMENIA_P01,Sin cédula,coordinador_puesto,test123,QUINDIO,ARMENIA,Zona 09,IE CRISTOBAL COLON,,QUINDIO - ARMENIA - Zona 09 - IE CRISTOBAL COLON,Sí,No,Nunca
55,ARMENIA_P01,Sin cédula,coordinador_puesto,test123,QUINDIO,ARMENIA,Zona 10,COLISEO SENA,,QUINDIO - ARMENIA - Zona 10 - COLISEO SENA,Sí,No,Nunca
63,ARMENIA_P01,Sin cédula,coordinador_puesto,test123,QUINDIO,ARMENIA,Zona 90,ESTADIO CENTENARIO,,QUINDIO - ARMENIA - Zona 90 - ESTADIO CENTENARIO,Sí,No,Nunca
64,ARMENIA_P01,Sin cédula,coordinador_puesto,test123,QUINDIO,ARMENIA,Zona 98,CARCEL CENTRO PENITENCIARIO SA,,QUINDIO - ARMENIA - Zona 98 - CARCEL CENTRO PENITENCIARIO SA,Sí,No,Nunca
17,ARMENIA_P02,Sin cédula,coordinador_puesto,test123,QUINDIO,ARMENIA,Zona 01,IE LAURA VICUÑA,,QUINDIO - ARMENIA - Zona 01 - IE LAURA VICUÑA,Sí,No,Nunca
22,ARMENIA_P02,Sin cédula,coordinador_puesto,test123,QUINDIO,ARMENIA,Zona 02,I.E. ROSANA LONDOÑO,,QUINDIO - ARMENIA - Zona 02 - I.E. ROSANA LONDOÑO,Sí,No,Nunca
26,ARMENIA_P02,Sin cédula,coordinador_puesto,test123,QUINDIO,ARMENIA,Zona 03,IE LOS QUINDOS,,QUINDIO - ARMENIA - Zona 03 - IE LOS QUINDOS,Sí,No,Nunca
31,ARMENIA_P02,Sin cédula,coordinador_puesto,test123,QUINDIO,ARMENIA,Zona 04,IE LA ADIELA SEDE LA CECILIA,,QUINDIO - ARMENIA - Zona 04 - IE LA ADIELA SEDE LA CECILIA,Sí,No,Nunca
34,ARMENIA_P02,Sin cédula,coordinador_puesto,test123,QUINDIO,ARMENIA,Zona 05,IE CIUDAD DORADA,,QUINDIO - ARMENIA - Zona 05 - IE CIUDAD DORADA,Sí,No,Nunca
38,ARMENIA_P02,Sin cédula,coordinador_puesto,test123,QUINDIO,ARMENIA,Zona 06,IE CAMARA JUNIOR,,QUINDIO - ARMENIA - Zona 06 - IE CAMARA JUNIOR,Sí,No,Nunca
42,ARMENIA_P02,Sin cédula,coordinador_puesto,test123,QUINDIO,ARMENIA,Zona 07,IE ESCUELA NORMAL SUPERIOR,,QUINDIO - ARMENIA - Zona 07 - IE ESCUELA NORMAL SUPERIOR,Sí,No,Nunca
46,ARMENIA_P02,Sin cédula,coordinador_puesto,test123,QUINDIO,ARMENIA,Zona 08,CENTRO ADMINISTRATIVO MUNICIPAL,,QUINDIO - ARMENIA - Zona 08 - CENTRO ADMINISTRATIVO MUNICIPAL,Sí,No,Nunca
50,ARMENIA_P02,Sin cédula,coordinador_puesto,test123,QUINDIO,ARMENIA,Zona 09,IE GRAN COLOMBIA,,QUINDIO - ARMENIA - Zona 09 - IE GRAN COLOMBIA,Sí,No,Nunca
56,ARMENIA_P02,Sin cédula,coordinador_puesto,test123,QUINDIO,ARMENIA,Zona 10,UNIVERSIDAD DEL QUINDIO,,QUINDIO - ARMENIA - Zona 10 - UNIVERSIDAD DEL QUINDIO,Sí,No,Nunca
65,ARMENIA_P02,Sin cédula,coordinador_puesto,test123,QUINDIO,ARMENIA,Zona 98,CARCEL VILLA CRISTINA,,QUINDIO - ARMENIA - Zona 98 - CARCEL VILLA CRISTINA,Sí,No,Nunca
18,ARMENIA_P03,Sin cédula,coordinador_puesto,test123,QUINDIO,ARMENIA,Zona 01,IE INSTITUTO TECNICO INDUSTRIAL,,QUINDIO - ARMENIA - Zona 01 - IE INSTITUTO TECNICO INDUSTRIAL,Sí,No,Nunca
23,ARMENIA_P03,Sin cédula,coordinador_puesto,test123,QUINDIO,ARMENIA,Zona 02,IE MARCELINO CHAMPAGNAT,,QUINDIO - ARMENIA - Zona 02 - IE MARCELINO CHAMPAGNAT,Sí,No,Nunca
27,ARMENIA_P03,Sin cédula,coordinador_puesto,test123,QUINDIO,ARMENIA,Zona 03,IE CIUDADELA DEL SUR,,QUINDIO - ARMENIA - Zona 03 - IE CIUDADELA DEL SUR,Sí,No,Nunca
32,ARMENIA_P03,Sin cédula,coordinador_puesto,test123,QUINDIO,ARMENIA,Zona 04,IE LAS COLINAS,,QUINDIO - ARMENIA - Zona 04 - IE LAS COLINAS,Sí,No,Nunca
35,ARMENIA_P03,Sin cédula,coordinador_puesto,test123,QUINDIO,ARMENIA,Zona 05,IE CAMILO TORRES,,QUINDIO - ARMENIA - Zona 05 - IE CAMILO TORRES,Sí,No,Nunca
39,ARMENIA_P03,Sin cédula,coordinador_puesto,test123,QUINDIO,ARMENIA,Zona 06,IE GUSTAVO MATAMOROS D. COSTA,,QUINDIO - ARMENIA - Zona 06 - IE GUSTAVO MATAMOROS D. COSTA,Sí,No,Nunca
43,ARMENIA_P03,Sin cédula,coordinador_puesto,test123,QUINDIO,ARMENIA,Zona 07,IE CIUDADELA DE OCCIDENTE,,QUINDIO - ARMENIA - Zona 07 - IE CIUDADELA DE OCCIDENTE,Sí,No,Nunca
47,ARMENIA_P03,Sin cédula,coordinador_puesto,test123,QUINDIO,ARMENIA,Zona 08,COL SAGRADO CORAZON DE JESUS B,,QUINDIO - ARMENIA - Zona 08 - COL SAGRADO CORAZON DE JESUS B,Sí,No,Nunca
51,ARMENIA_P03,Sin cédula,coordinador_puesto,test123,QUINDIO,ARMENIA,Zona 09,COLISEO DEL CAFE,,QUINDIO - ARMENIA - Zona 09 - COLISEO DEL CAFE,Sí,No,Nunca
57,ARMENIA_P03,Sin cédula,coordinador_puesto,test123,QUINDIO,ARMENIA,Zona 10,IE REPUBLICA DE FRANCIA,,QUINDIO - ARMENIA - Zona 10 - IE REPUBLICA DE FRANCIA,Sí,No,Nunca
19,ARMENIA_P04,Sin cédula,coordinador_puesto,test123,QUINDIO,ARMENIA,Zona 01,IE SIMON RODRIGUEZ,,QUINDIO - ARMENIA - Zona 01 - IE SIMON RODRIGUEZ,Sí,No,Nunca
24,ARMENIA_P04,Sin cédula,coordinador_puesto,test123,QUINDIO,ARMENIA,Zona 02,IE RUFINO JOSE CUERVO SUR,,QUINDIO - ARMENIA - Zona 02 - IE RUFINO JOSE CUERVO SUR,Sí,No,Nunca
28,ARMENIA_P04,Sin cédula,coordinador_puesto,test123,QUINDIO,ARMENIA,Zona 03,IE JUAN XXIII,,QUINDIO - ARMENIA - Zona 03 - IE JUAN XXIII,Sí,No,Nunca
36,ARMENIA_P04,Sin cédula,coordinador_puesto,test123,QUINDIO,ARMENIA,Zona 05,IE LUIS BERNAL GIRALDO,,QUINDIO - ARMENIA - Zona 05 - IE LUIS BERNAL GIRALDO,Sí,No,Nunca
40,ARMENIA_P04,Sin cédula,coordinador_puesto,test123,QUINDIO,ARMENIA,Zona 06,IE CAMARA JUNIOR SEDE LA PAVON,,QUINDIO - ARMENIA - Zona 06 - IE CAMARA JUNIOR SEDE LA PAVON,Sí,No,Nunca
44,ARMENIA_P04,Sin cédula,coordinador_puesto,test123,QUINDIO,ARMENIA,Zona 07,IE CIUDADELA DE OCCIDENTE SD LA PATRIA,,QUINDIO - ARMENIA - Zona 07 - IE CIUDADELA DE OCCIDENTE SD LA PATRIA,Sí,No,Nunca
48,ARMENIA_P04,Sin cédula,coordinador_puesto,test123,QUINDIO,ARMENIA,Zona 08,ESC. SUP. DE ADMINISTRACION PUBLICA ESAP,,QUINDIO - ARMENIA - Zona 08 - ESC. SUP. DE ADMINISTRACION PUBLICA ESAP,Sí,No,Nunca
52,ARMENIA_P04,Sin cédula,coordinador_puesto,test123,QUINDIO,ARMENIA,Zona 09,IE INEM JOSE CELESTINO MUTIS,,QUINDIO - ARMENIA - Zona 09 - IE INEM JOSE CELESTINO MUTIS,Sí,No,Nunca
58,ARMENIA_P04,Sin cédula,coordinador_puesto,test123,QUINDIO,ARMENIA,Zona 10,ESC. DE ADM. Y MERCADOTECNIA EAM,,QUINDIO - ARMENIA - Zona 10 - ESC. DE ADM. Y MERCADOTECNIA EAM,Sí,No,Nunca
20,ARMENIA_P05,Sin cédula,coordinador_puesto,test123,QUINDIO,ARMENIA,Zona 01,IE TERESITA MONTES SD PRINCIPAL,,QUINDIO - ARMENIA - Zona 01 - IE TERESITA MONTES SD PRINCIPAL,Sí,No,Nunca
29,ARMENIA_P05,Sin cédula,coordinador_puesto,test123,QUINDIO,ARMENIA,Zona 03,IE POLICARPA SALAVARRIETA,,QUINDIO - ARMENIA - Zona 03 - IE POLICARPA SALAVARRIETA,Sí,No,Nunca
53,ARMENIA_P05,Sin cédula,coordinador_puesto,test123,QUINDIO,ARMENIA,Zona 09,IE CASD SEDE SANTA EUFRACIA,,QUINDIO - ARMENIA - Zona 09 - IE CASD SEDE SANTA EUFRACIA,Sí,No,Nunca
59,ARMENIA_P05,Sin cédula,coordinador_puesto,test123,QUINDIO,ARMENIA,Zona 10,FUNDACION QUINDIANA DE ATENCION INTEGRAL,,QUINDIO - ARMENIA - Zona 10 - FUNDACION QUINDIANA DE ATENCION INTEGRAL,Sí,No,Nunca
54,ARMENIA_P06,Sin cédula,coordinador_puesto,test123,QUINDIO,ARMENIA,Zona 09,IE CASD SEDE PRINCIPAL,,QUINDIO - ARMENIA - Zona 09 - IE CASD SEDE PRINCIPAL,Sí,No,Nunca
60,ARMENIA_P06,Sin cédula,coordinador_puesto,test123,QUINDIO,ARMENIA,Zona 10,SENA CENTRO AGROINDUSTRIAL,,QUINDIO - ARMENIA - Zona 10 - SENA CENTRO AGROINDUSTRIAL,Sí,No,Nunca
61,ARMENIA_P07,Sin cédula,coordinador_puesto,test123,QUINDIO,ARMENIA,Zona 10,IE EUDORO GRANADA SD FUNDADORES,,QUINDIO - ARMENIA - Zona 10 - IE EUDORO GRANADA SD FUNDADORES,Sí,No,Nunca
62,ARMENIA_P08,Sin cédula,coordinador_puesto,test123,QUINDIO,ARMENIA,Zona 10,IE SANTA TERESA DE JESUS SD LA FLORIDA,,QUINDIO - ARMENIA - Zona 10 - IE SANTA TERESA DE JESUS SD LA FLORIDA,Sí,No,Nunca
66,ARMENIA_P27,Sin cédula,coordinador_puesto,test123,QUINDIO,ARMENIA,Zona 99,EL CAIMO,,QUINDIO - ARMENIA - Zona 99 - EL CAIMO,Sí,No,Nunca
67,ARMENIA_P58,Sin cédula,coordinador_puesto,test123,QUINDIO,ARMENIA,Zona 99,MURILLO,,QUINDIO - ARMENIA - Zona 99 - MURILLO,Sí,No,Nunca
68,ARMENIA_P70,Sin cédula,coordinador_puesto,test123,QUINDIO,ARMENIA,Zona 99,FUND. MANOS UNIDAS DE DIOS (PANTANILLO),,QUINDIO - ARMENIA - Zona 99 - FUND. MANOS UNIDAS DE DIOS (PANTANILLO),Sí,No,Nunca
69,BUENAVISTA_P00,Sin cédula,coordinador_puesto,test123,QUINDIO,BUENAVISTA,Zona 00,PUESTO CABECERA MUNICIPAL,,QUINDIO - BUENAVISTA - Zona 00 - PUESTO CABECERA MUNICIPAL,Sí,No,Nunca
70,BUENAVISTA_P70,Sin cédula,coordinador_puesto,test123,QUINDIO,BUENAVISTA,Zona 99,IE RIO VERDE BAJO,,QUINDIO - BUENAVISTA - Zona 99 - IE RIO VERDE BAJO,Sí,No,Nunca
71,CALARCA_P01,Sin cédula,coordinador_puesto,test123,QUINDIO,CALARCA,Zona 01,INST.EDUC.SEGUNDO HENAO,,QUINDIO - CALARCA - Zona 01 - INST.EDUC.SEGUNDO HENAO,Sí,No,Nunca
76,CALARCA_P01,Sin cédula,coordinador_puesto,test123,QUINDIO,CALARCA,Zona 02,COLEGIO ROBLEDO,,QUINDIO - CALARCA - Zona 02 - COLEGIO ROBLEDO,Sí,No,Nunca
80,CALARCA_P01,Sin cédula,coordinador_puesto,test123,QUINDIO,CALARCA,Zona 90,PUESTO CENSO (VIVE DIGITAL),,QUINDIO - CALARCA - Zona 90 - PUESTO CENSO (VIVE DIGITAL),Sí,No,Nunca
81,CALARCA_P01,Sin cédula,coordinador_puesto,test123,QUINDIO,CALARCA,Zona 98,CARCEL,,QUINDIO - CALARCA - Zona 98 - CARCEL,Sí,No,Nunca
72,CALARCA_P02,Sin cédula,coordinador_puesto,test123,QUINDIO,CALARCA,Zona 01,COLEGIO LEON DE GREIFF,,QUINDIO - CALARCA - Zona 01 - COLEGIO LEON DE GREIFF,Sí,No,Nunca
77,CALARCA_P02,Sin cédula,coordinador_puesto,test123,QUINDIO,CALARCA,Zona 02,ESCUELA SANTANDER,,QUINDIO - CALARCA - Zona 02 - ESCUELA SANTANDER,Sí,No,Nunca
73,CALARCA_P03,Sin cédula,coordinador_puesto,test123,QUINDIO,CALARCA,Zona 01,COL. ROMAN MARIA VALENCIA,,QUINDIO - CALARCA - Zona 01 - COL. ROMAN MARIA VALENCIA,Sí,No,Nunca
78,CALARCA_P03,Sin cédula,coordinador_puesto,test123,QUINDIO,CALARCA,Zona 02,CONCENTRACION JHON F. KENNEDY,,QUINDIO - CALARCA - Zona 02 - CONCENTRACION JHON F. KENNEDY,Sí,No,Nunca
74,CALARCA_P04,Sin cédula,coordinador_puesto,test123,QUINDIO,CALARCA,Zona 01,COLEGIO ANTONIO NARIÑO,,QUINDIO - CALARCA - Zona 01 - COLEGIO ANTONIO NARIÑO,Sí,No,Nunca
79,CALARCA_P04,Sin cédula,coordinador_puesto,test123,QUINDIO,CALARCA,Zona 02,IE SAN RAFAEL SD LA PRIMAVERA,,QUINDIO - CALARCA - Zona 02 - IE SAN RAFAEL SD LA PRIMAVERA,Sí,No,Nunca
75,CALARCA_P05,Sin cédula,coordinador_puesto,test123,QUINDIO,CALARCA,Zona 01,CIUDADELA EDU SECTOR LAURELES,,QUINDIO - CALARCA - Zona 01 - CIUDADELA EDU SECTOR LAURELES,Sí,No,Nunca
82,CALARCA_P10,Sin cédula,coordinador_puesto,test123,QUINDIO,CALARCA,Zona 99,BARCELONA,,QUINDIO - CALARCA - Zona 99 - BARCELONA,Sí,No,Nunca
83,CALARCA_P50,Sin cédula,coordinador_puesto,test123,QUINDIO,CALARCA,Zona 99,LA ALBANIA,,QUINDIO - CALARCA - Zona 99 - LA ALBANIA,Sí,No,Nunca
84,CALARCA_P52,Sin cédula,coordinador_puesto,test123,QUINDIO,CALARCA,Zona 99,LA BELLA,,QUINDIO - CALARCA - Zona 99 - LA BELLA,Sí,No,Nunca
85,CALARCA_P55,Sin cédula,coordinador_puesto,test123,QUINDIO,CALARCA,Zona 99,LA VIRGINIA,,QUINDIO - CALARCA - Zona 99 - LA VIRGINIA,Sí,No,Nunca
86,CALARCA_P75,Sin cédula,coordinador_puesto,test123,QUINDIO,CALARCA,Zona 99,QUEBRADANEGRA,,QUINDIO - CALARCA - Zona 99 - QUEBRADANEGRA,Sí,No,Nunca
87,CIRCASIA_P01,Sin cédula,coordinador_puesto,test123,QUINDIO,CIRCASIA,Zona 01,I.E.SAN JOSE,,QUINDIO - CIRCASIA - Zona 01 - I.E.SAN JOSE,Sí,No,Nunca
89,CIRCASIA_P01,Sin cédula,coordinador_puesto,test123,QUINDIO,CIRCASIA,Zona 02,I.E.EDUCATIVA IMET,,QUINDIO - CIRCASIA - Zona 02 - I.E.EDUCATIVA IMET,Sí,No,Nunca
88,CIRCASIA_P02,Sin cédula,coordinador_puesto,test123,QUINDIO,CIRCASIA,Zona 01,I.E.FRANCISCO LONDOÑO,,QUINDIO - CIRCASIA - Zona 01 - I.E.FRANCISCO LONDOÑO,Sí,No,Nunca
90,CIRCASIA_P02,Sin cédula,coordinador_puesto,test123,QUINDIO,CIRCASIA,Zona 02,I E  LIBRE,,QUINDIO - CIRCASIA - Zona 02 - I E  LIBRE,Sí,No,Nunca
91,CIRCASIA_P30,Sin cédula,coordinador_puesto,test123,QUINDIO,CIRCASIA,Zona 99,HOJAS ANCHAS,,QUINDIO - CIRCASIA - Zona 99 - HOJAS ANCHAS,Sí,No,Nunca
92,CIRCASIA_P50,Sin cédula,coordinador_puesto,test123,QUINDIO,CIRCASIA,Zona 99,LA CONCHA,,QUINDIO - CIRCASIA - Zona 99 - LA CONCHA,Sí,No,Nunca
93,CIRCASIA_P53,Sin cédula,coordinador_puesto,test123,QUINDIO,CIRCASIA,Zona 99,LA POLA,,QUINDIO - CIRCASIA - Zona 99 - LA POLA,Sí,No,Nunca
94,CIRCASIA_P54,Sin cédula,coordinador_puesto,test123,QUINDIO,CIRCASIA,Zona 99,LA SIRIA,,QUINDIO - CIRCASIA - Zona 99 - LA SIRIA,Sí,No,Nunca
95,CIRCASIA_P72,Sin cédula,coordinador_puesto,test123,QUINDIO,CIRCASIA,Zona 99,PIAMONTE,,QUINDIO - CIRCASIA - Zona 99 - PIAMONTE,Sí,No,Nunca
96,CIRCASIA_P80,Sin cédula,coordinador_puesto,test123,QUINDIO,CIRCASIA,Zona 99,SANTA RITA,,QUINDIO - CIRCASIA - Zona 99 - SANTA RITA,Sí,No,Nunca
97,CORDOBA_P00,Sin cédula,coordinador_puesto,test123,QUINDIO,CORDOBA,Zona 00,PUESTO CABECERA MUNICIPAL,,QUINDIO - CORDOBA - Zona 00 - PUESTO CABECERA MUNICIPAL,Sí,No,Nunca
98,FILANDIA_P00,Sin cédula,coordinador_puesto,test123,QUINDIO,FILANDIA,Zona 00,IE LIC. ANDINO DE LA SANTISIMA TRINIDAD,,QUINDIO - FILANDIA - Zona 00 - IE LIC. ANDINO DE LA SANTISIMA TRINIDAD,Sí,No,Nunca
99,FILANDIA_P31,Sin cédula,coordinador_puesto,test123,QUINDIO,FILANDIA,Zona 99,EL PARAISO,,QUINDIO - FILANDIA - Zona 99 - EL PARAISO,Sí,No,Nunca
100,FILANDIA_P53,Sin cédula,coordinador_puesto,test123,QUINDIO,FILANDIA,Zona 99,LA INDIA,,QUINDIO - FILANDIA - Zona 99 - LA INDIA,Sí,No,Nunca
101,FILANDIA_P54,Sin cédula,coordinador_puesto,test123,QUINDIO,FILANDIA,Zona 99,CRUCES,,QUINDIO - FILANDIA - Zona 99 - CRUCES,Sí,No,Nunca
102,FILANDIA_P73,Sin cédula,coordinador_puesto,test123,QUINDIO,FILANDIA,Zona 99,PAVAS,,QUINDIO - FILANDIA - Zona 99 - PAVAS,Sí,No,Nunca
103,GENOVA_P00,Sin cédula,coordinador_puesto,test123,QUINDIO,GENOVA,Zona 00,PUESTO CABECERA MUNICIPAL,,QUINDIO - GENOVA - Zona 00 - PUESTO CABECERA MUNICIPAL,Sí,No,Nunca
104,GENOVA_P32,Sin cédula,coordinador_puesto,test123,QUINDIO,GENOVA,Zona 99,LA VENADA,,QUINDIO - GENOVA - Zona 99 - LA VENADA,Sí,No,Nunca
105,LA_TEBAIDA_P01,Sin cédula,coordinador_puesto,test123,QUINDIO,LA TEBAIDA,Zona 01,CTRO EDUC. INSTITUTO TEBAIDA,,QUINDIO - LA TEBAIDA - Zona 01 - CTRO EDUC. INSTITUTO TEBAIDA,Sí,No,Nunca
108,LA_TEBAIDA_P01,Sin cédula,coordinador_puesto,test123,QUINDIO,LA TEBAIDA,Zona 02,IE PEDACITO DE CIELO,,QUINDIO - LA TEBAIDA - Zona 02 - IE PEDACITO DE CIELO,Sí,No,Nunca
106,LA_TEBAIDA_P02,Sin cédula,coordinador_puesto,test123,QUINDIO,LA TEBAIDA,Zona 01,INS. EDUC. GABRIELA MISTRAL,,QUINDIO - LA TEBAIDA - Zona 01 - INS. EDUC. GABRIELA MISTRAL,Sí,No,Nunca
109,LA_TEBAIDA_P02,Sin cédula,coordinador_puesto,test123,QUINDIO,LA TEBAIDA,Zona 02,INSTITUTO EDUC. ANTONIO NARIÑO,,QUINDIO - LA TEBAIDA - Zona 02 - INSTITUTO EDUC. ANTONIO NARIÑO,Sí,No,Nunca
107,LA_TEBAIDA_P03,Sin cédula,coordinador_puesto,test123,QUINDIO,LA TEBAIDA,Zona 01,INS. EDUC. NUEVO HORIZONTE,,QUINDIO - LA TEBAIDA - Zona 01 - INS. EDUC. NUEVO HORIZONTE,Sí,No,Nunca
110,LA_TEBAIDA_P28,Sin cédula,coordinador_puesto,test123,QUINDIO,LA TEBAIDA,Zona 99,LA HERRADURA  (LA SILVIA),,QUINDIO - LA TEBAIDA - Zona 99 - LA HERRADURA  (LA SILVIA),Sí,No,Nunca
111,MONTENEGRO_P01,Sin cédula,coordinador_puesto,test123,QUINDIO,MONTENEGRO,Zona 01,ESC. RAFAEL URIBE,,QUINDIO - MONTENEGRO - Zona 01 - ESC. RAFAEL URIBE,Sí,No,Nunca
115,MONTENEGRO_P01,Sin cédula,coordinador_puesto,test123,QUINDIO,MONTENEGRO,Zona 02,COL. SANTAMARIA GORETTI,,QUINDIO - MONTENEGRO - Zona 02 - COL. SANTAMARIA GORETTI,Sí,No,Nunca
112,MONTENEGRO_P02,Sin cédula,coordinador_puesto,test123,QUINDIO,MONTENEGRO,Zona 01,COLEGIO INSTITUTO MONTENEGRO,,QUINDIO - MONTENEGRO - Zona 01 - COLEGIO INSTITUTO MONTENEGRO,Sí,No,Nunca
116,MONTENEGRO_P02,Sin cédula,coordinador_puesto,test123,QUINDIO,MONTENEGRO,Zona 02,ESC. LOS FUNDADORES,,QUINDIO - MONTENEGRO - Zona 02 - ESC. LOS FUNDADORES,Sí,No,Nunca
113,MONTENEGRO_P03,Sin cédula,coordinador_puesto,test123,QUINDIO,MONTENEGRO,Zona 01,ESC FRANCISCO JOSE DE CALDAS,,QUINDIO - MONTENEGRO - Zona 01 - ESC FRANCISCO JOSE DE CALDAS,Sí,No,Nunca
117,MONTENEGRO_P03,Sin cédula,coordinador_puesto,test123,QUINDIO,MONTENEGRO,Zona 02,ESCUELA GENERAL SANTANDER,,QUINDIO - MONTENEGRO - Zona 02 - ESCUELA GENERAL SANTANDER,Sí,No,Nunca
114,MONTENEGRO_P04,Sin cédula,coordinador_puesto,test123,QUINDIO,MONTENEGRO,Zona 01,INSTITUCION EDUCATIVA JESUS MARIA OBANDO,,QUINDIO - MONTENEGRO - Zona 01 - INSTITUCION EDUCATIVA JESUS MARIA OBANDO,Sí,No,Nunca
118,MONTENEGRO_P04,Sin cédula,coordinador_puesto,test123,QUINDIO,MONTENEGRO,Zona 02,COLEGIO JESUS MAESTRO,,QUINDIO - MONTENEGRO - Zona 02 - COLEGIO JESUS MAESTRO,Sí,No,Nunca
119,MONTENEGRO_P28,Sin cédula,coordinador_puesto,test123,QUINDIO,MONTENEGRO,Zona 99,ESCUELA EL CASTILLO,,QUINDIO - MONTENEGRO - Zona 99 - ESCUELA EL CASTILLO,Sí,No,Nunca
120,MONTENEGRO_P34,Sin cédula,coordinador_puesto,test123,QUINDIO,MONTENEGRO,Zona 99,PUEBLO TAPAO,,QUINDIO - MONTENEGRO - Zona 99 - PUEBLO TAPAO,Sí,No,Nunca
121,PIJAO_P00,Sin cédula,coordinador_puesto,test123,QUINDIO,PIJAO,Zona 00,PUESTO CABECERA MUNICIPAL,,QUINDIO - PIJAO - Zona 00 - PUESTO CABECERA MUNICIPAL,Sí,No,Nunca
122,PIJAO_P11,Sin cédula,coordinador_puesto,test123,QUINDIO,PIJAO,Zona 99,BARRAGAN,,QUINDIO - PIJAO - Zona 99 - BARRAGAN,Sí,No,Nunca
123,PIJAO_P13,Sin cédula,coordinador_puesto,test123,QUINDIO,PIJAO,Zona 99,LA MARIELA,,QUINDIO - PIJAO - Zona 99 - LA MARIELA,Sí,No,Nunca
124,PIJAO_P57,Sin cédula,coordinador_puesto,test123,QUINDIO,PIJAO,Zona 99,MAIZENA ALTA,,QUINDIO - PIJAO - Zona 99 - MAIZENA ALTA,Sí,No,Nunca
125,QUIMBAYA_P01,Sin cédula,coordinador_puesto,test123,QUINDIO,QUIMBAYA,Zona 01,INST. EDU.  POLICARPA SALAVARRIETA,,QUINDIO - QUIMBAYA - Zona 01 - INST. EDU.  POLICARPA SALAVARRIETA,Sí,No,Nunca
130,QUIMBAYA_P01,Sin cédula,coordinador_puesto,test123,QUINDIO,QUIMBAYA,Zona 02,INSTITUCION EDUCATIVA ANTONIO RICAURTE,,QUINDIO - QUIMBAYA - Zona 02 - INSTITUCION EDUCATIVA ANTONIO RICAURTE,Sí,No,Nunca
133,QUIMBAYA_P01,Sin cédula,coordinador_puesto,test123,QUINDIO,QUIMBAYA,Zona 90,INSTITUCION EDUCATIVA INSTITUTO QUIMBAYA,,QUINDIO - QUIMBAYA - Zona 90 - INSTITUCION EDUCATIVA INSTITUTO QUIMBAYA,Sí,No,Nunca
126,QUIMBAYA_P02,Sin cédula,coordinador_puesto,test123,QUINDIO,QUIMBAYA,Zona 01,I.E. DE MERCADOTECNIA MARIA INMACULADA,,QUINDIO - QUIMBAYA - Zona 01 - I.E. DE MERCADOTECNIA MARIA INMACULADA,Sí,No,Nunca
131,QUIMBAYA_P02,Sin cédula,coordinador_puesto,test123,QUINDIO,QUIMBAYA,Zona 02,INSTITUCION EDUCATIVA SIMON BOLIVAR,,QUINDIO - QUIMBAYA - Zona 02 - INSTITUCION EDUCATIVA SIMON BOLIVAR,Sí,No,Nunca
127,QUIMBAYA_P03,Sin cédula,coordinador_puesto,test123,QUINDIO,QUIMBAYA,Zona 01,INSTITUCION EDUCATIVA SADEQUI,,QUINDIO - QUIMBAYA - Zona 01 - INSTITUCION EDUCATIVA SADEQUI,Sí,No,Nunca
132,QUIMBAYA_P03,Sin cédula,coordinador_puesto,test123,QUINDIO,QUIMBAYA,Zona 02,I.E. SAGRADO CORAZON DE JESUS,,QUINDIO - QUIMBAYA - Zona 02 - I.E. SAGRADO CORAZON DE JESUS,Sí,No,Nunca
128,QUIMBAYA_P04,Sin cédula,coordinador_puesto,test123,QUINDIO,QUIMBAYA,Zona 01,INSTITUCION EDUCATIVA  ESPIRITU SANTO,,QUINDIO - QUIMBAYA - Zona 01 - INSTITUCION EDUCATIVA  ESPIRITU SANTO,Sí,No,Nunca
129,QUIMBAYA_P05,Sin cédula,coordinador_puesto,test123,QUINDIO,QUIMBAYA,Zona 01,INSTITUCION EDUCATIVA ANTONIA SANTOS,,QUINDIO - QUIMBAYA - Zona 01 - INSTITUCION EDUCATIVA ANTONIA SANTOS,Sí,No,Nunca
134,QUIMBAYA_P29,Sin cédula,coordinador_puesto,test123,QUINDIO,QUIMBAYA,Zona 99,EL JAZMIN,,QUINDIO - QUIMBAYA - Zona 99 - EL JAZMIN,Sí,No,Nunca
135,QUIMBAYA_P30,Sin cédula,coordinador_puesto,test123,QUINDIO,QUIMBAYA,Zona 99,INSTITUCION EDUCATIVA RURAL EL LAUREL,,QUINDIO - QUIMBAYA - Zona 99 - INSTITUCION EDUCATIVA RURAL EL LAUREL,Sí,No,Nunca
136,QUIMBAYA_P32,Sin cédula,coordinador_puesto,test123,QUINDIO,QUIMBAYA,Zona 99,INSTITUCION EDUCATIVA  NARANJAL,,QUINDIO - QUIMBAYA - Zona 99 - INSTITUCION EDUCATIVA  NARANJAL,Sí,No,Nunca
137,QUIMBAYA_P53,Sin cédula,coordinador_puesto,test123,QUINDIO,QUIMBAYA,Zona 99,LA MESA BAJA,,QUINDIO - QUIMBAYA - Zona 99 - LA MESA BAJA,Sí,No,Nunca
138,QUIMBAYA_P72,Sin cédula,coordinador_puesto,test123,QUINDIO,QUIMBAYA,Zona 99,IE RAMON MESSA LONDOÑO,,QUINDIO - QUIMBAYA - Zona 99 - IE RAMON MESSA LONDOÑO,Sí,No,Nunca
139,QUIMBAYA_P73,Sin cédula,coordinador_puesto,test123,QUINDIO,QUIMBAYA,Zona 99,PUERTO ALEJANDRIA,,QUINDIO - QUIMBAYA - Zona 99 - PUERTO ALEJANDRIA,Sí,No,Nunca
140,SALENTO_P00,Sin cédula,coordinador_puesto,test123,QUINDIO,SALENTO,Zona 00,PUESTO CABECERA MUNICIPAL,,QUINDIO - SALENTO - Zona 00 - PUESTO CABECERA MUNICIPAL,Sí,No,Nunca
141,SALENTO_P11,Sin cédula,coordinador_puesto,test123,QUINDIO,SALENTO,Zona 99,BOQUIA,,QUINDIO - SALENTO - Zona 99 - BOQUIA,Sí,No,Nunca
142,SALENTO_P14,Sin cédula,coordinador_puesto,test123,QUINDIO,SALENTO,Zona 99,CANAAN,,QUINDIO - SALENTO - Zona 99 - CANAAN,Sí,No,Nunca
143,SALENTO_P20,Sin cédula,coordinador_puesto,test123,QUINDIO,SALENTO,Zona 99,COCORA (PALESTINA),,QUINDIO - SALENTO - Zona 99 - COCORA (PALESTINA),Sí,No,Nunca
144,SALENTO_P54,Sin cédula,coordinador_puesto,test123,QUINDIO,SALENTO,Zona 99,LA NUBIA,,QUINDIO - SALENTO - Zona 99 - LA NUBIA,Sí,No,Nunca
1,Super Admin,Sin cédula,super_admin,admin123,Sin ubicación,Sin ubicación,Sin ubicación,Sin ubicación,Sin ubicación,Sin ubicación,Sí,No,Nunca
145,testigo_2601010101001,2601010101001,testigo_electoral,test123,QUINDIO,ARMENIA,Zona 01,IE TERESITA MONTES SD LUIS C. GALAN S.,IE TERESITA MONTES SD LUIS C. GALAN S. - Mesa 1,QUINDIO - ARMENIA - Zona 01 - IE TERESITA MONTES SD LUIS C. GALAN S. - Mesa 01,Sí,No,Nunca
146,testigo_2601010102001,2601010102001,testigo_electoral,test123,QUINDIO,ARMENIA,Zona 01,IE TERESITA MONTES SD LUIS C. GALAN S.,IE TERESITA MONTES SD LUIS C. GALAN S. - Mesa 2,QUINDIO - ARMENIA - Zona 01 - IE TERESITA MONTES SD LUIS C. GALAN S. - Mesa 02,Sí,No,Nunca
147,testigo_2601010201001,2601010201001,testigo_electoral,test123,QUINDIO,ARMENIA,Zona 01,IE LAURA VICUÑA,IE LAURA VICUÑA - Mesa 1,QUINDIO - ARMENIA - Zona 01 - IE LAURA VICUÑA - Mesa 01,Sí,No,Nunca
148,testigo_2601010202001,2601010202001,testigo_electoral,test123,QUINDIO,ARMENIA,Zona 01,IE LAURA VICUÑA,IE LAURA VICUÑA - Mesa 2,QUINDIO - ARMENIA - Zona 01 - IE LAURA VICUÑA - Mesa 02,Sí,No,Nunca
149,testigo_2601010203001,2601010203001,testigo_electoral,test123,QUINDIO,ARMENIA,Zona 01,IE LAURA VICUÑA,IE LAURA VICUÑA - Mesa 3,QUINDIO - ARMENIA - Zona 01 - IE LAURA VICUÑA - Mesa 03,Sí,No,Nunca
150,testigo_2601010301001,2601010301001,testigo_electoral,test123,QUINDIO,ARMENIA,Zona 01,IE INSTITUTO TECNICO INDUSTRIAL,IE INSTITUTO TECNICO INDUSTRIAL - Mesa 1,QUINDIO - ARMENIA - Zona 01 - IE INSTITUTO TECNICO INDUSTRIAL - Mesa 01,Sí,No,Nunca
151,testigo_2601010401001,2601010401001,testigo_electoral,test123,QUINDIO,ARMENIA,Zona 01,IE SIMON RODRIGUEZ,IE SIMON RODRIGUEZ - Mesa 1,QUINDIO - ARMENIA - Zona 01 - IE SIMON RODRIGUEZ - Mesa 01,Sí,No,Nunca
152,testigo_2601010501001,2601010501001,testigo_electoral,test123,QUINDIO,ARMENIA,Zona 01,IE TERESITA MONTES SD PRINCIPAL,IE TERESITA MONTES SD PRINCIPAL - Mesa 1,QUINDIO - ARMENIA - Zona 01 - IE TERESITA MONTES SD PRINCIPAL - Mesa 01,Sí,No,Nunca
153,testigo_2601010502001,2601010502001,testigo_electoral,test123,QUINDIO,ARMENIA,Zona 01,IE TERESITA MONTES SD PRINCIPAL,IE TERESITA MONTES SD PRINCIPAL - Mesa 2,QUINDIO - ARMENIA - Zona 01 - IE TERESITA MONTES SD PRINCIPAL - Mesa 02,Sí,No,Nunca
154,testigo_2601020101001,2601020101001,testigo_electoral,test123,QUINDIO,ARMENIA,Zona 02,IE RUFINO SUR SEDE MADRE MARCE,IE RUFINO SUR SEDE MADRE MARCE - Mesa 1,QUINDIO - ARMENIA - Zona 02 - IE RUFINO SUR SEDE MADRE MARCE - Mesa 01,Sí,No,Nunca
155,testigo_2601020102001,2601020102001,testigo_electoral,test123,QUINDIO,ARMENIA,Zona 02,IE RUFINO SUR SEDE MADRE MARCE,IE RUFINO SUR SEDE MADRE MARCE - Mesa 2,QUINDIO - ARMENIA - Zona 02 - IE RUFINO SUR SEDE MADRE MARCE - Mesa 02,Sí,No,Nunca
156,testigo_2601020103001,2601020103001,testigo_electoral,test123,QUINDIO,ARMENIA,Zona 02,IE RUFINO SUR SEDE MADRE MARCE,IE RUFINO SUR SEDE MADRE MARCE - Mesa 3,QUINDIO - ARMENIA - Zona 02 - IE RUFINO SUR SEDE MADRE MARCE - Mesa 03,Sí,No,Nunca
157,testigo_2601020201001,2601020201001,testigo_electoral,test123,QUINDIO,ARMENIA,Zona 02,I.E. ROSANA LONDOÑO,I.E. ROSANA LONDOÑO - Mesa 1,QUINDIO - ARMENIA - Zona 02 - I.E. ROSANA LONDOÑO - Mesa 01,Sí,No,Nunca
158,testigo_2601020202001,2601020202001,testigo_electoral,test123,QUINDIO,ARMENIA,Zona 02,I.E. ROSANA LONDOÑO,I.E. ROSANA LONDOÑO - Mesa 2,QUINDIO - ARMENIA - Zona 02 - I.E. ROSANA LONDOÑO - Mesa 02,Sí,No,Nunca
159,testigo_2601020301001,2601020301001,testigo_electoral,test123,QUINDIO,ARMENIA,Zona 02,IE MARCELINO CHAMPAGNAT,IE MARCELINO CHAMPAGNAT - Mesa 1,QUINDIO - ARMENIA - Zona 02 - IE MARCELINO CHAMPAGNAT - Mesa 01,Sí,No,Nunca
160,testigo_2601020302001,2601020302001,testigo_electoral,test123,QUINDIO,ARMENIA,Zona 02,IE MARCELINO CHAMPAGNAT,IE MARCELINO CHAMPAGNAT - Mesa 2,QUINDIO - ARMENIA - Zona 02 - IE MARCELINO CHAMPAGNAT - Mesa 02,Sí,No,Nunca
161,testigo_2601020401001,2601020401001,testigo_electoral,test123,QUINDIO,ARMENIA,Zona 02,IE RUFINO JOSE CUERVO SUR,IE RUFINO JOSE CUERVO SUR - Mesa 1,QUINDIO - ARMENIA - Zona 02 - IE RUFINO JOSE CUERVO SUR - Mesa 01,Sí,No,Nunca
162,testigo_2601030101001,2601030101001,testigo_electoral,test123,QUINDIO,ARMENIA,Zona 03,IE ZULDEMAYDA,IE ZULDEMAYDA - Mesa 1,QUINDIO - ARMENIA - Zona 03 - IE ZULDEMAYDA - Mesa 01,Sí,No,Nunca
163,testigo_2601030102001,2601030102001,testigo_electoral,test123,QUINDIO,ARMENIA,Zona 03,IE ZULDEMAYDA,IE ZULDEMAYDA - Mesa 2,QUINDIO - ARMENIA - Zona 03 - IE ZULDEMAYDA - Mesa 02,Sí,No,Nunca
164,testigo_2601030201001,2601030201001,testigo_electoral,test123,QUINDIO,ARMENIA,Zona 03,IE LOS QUINDOS,IE LOS QUINDOS - Mesa 1,QUINDIO - ARMENIA - Zona 03 - IE LOS QUINDOS - Mesa 01,Sí,No,Nunca
165,testigo_2601030202001,2601030202001,testigo_electoral,test123,QUINDIO,ARMENIA,Zona 03,IE LOS QUINDOS,IE LOS QUINDOS - Mesa 2,QUINDIO - ARMENIA - Zona 03 - IE LOS QUINDOS - Mesa 02,Sí,No,Nunca
166,testigo_2601030301001,2601030301001,testigo_electoral,test123,QUINDIO,ARMENIA,Zona 03,IE CIUDADELA DEL SUR,IE CIUDADELA DEL SUR - Mesa 1,QUINDIO - ARMENIA - Zona 03 - IE CIUDADELA DEL SUR - Mesa 01,Sí,No,Nunca
167,testigo_2601030302001,2601030302001,testigo_electoral,test123,QUINDIO,ARMENIA,Zona 03,IE CIUDADELA DEL SUR,IE CIUDADELA DEL SUR - Mesa 2,QUINDIO - ARMENIA - Zona 03 - IE CIUDADELA DEL SUR - Mesa 02,Sí,No,Nunca
168,testigo_2601030303001,2601030303001,testigo_electoral,test123,QUINDIO,ARMENIA,Zona 03,IE CIUDADELA DEL SUR,IE CIUDADELA DEL SUR - Mesa 3,QUINDIO - ARMENIA - Zona 03 - IE CIUDADELA DEL SUR - Mesa 03,Sí,No,Nunca
169,testigo_2601030401001,2601030401001,testigo_electoral,test123,QUINDIO,ARMENIA,Zona 03,IE JUAN XXIII,IE JUAN XXIII - Mesa 1,QUINDIO - ARMENIA - Zona 03 - IE JUAN XXIII - Mesa 01,Sí,No,Nunca
170,testigo_2601030402001,2601030402001,testigo_electoral,test123,QUINDIO,ARMENIA,Zona 03,IE JUAN XXIII,IE JUAN XXIII - Mesa 2,QUINDIO - ARMENIA - Zona 03 - IE JUAN XXIII - Mesa 02,Sí,No,Nunca
171,testigo_2601030501001,2601030501001,testigo_electoral,test123,QUINDIO,ARMENIA,Zona 03,IE POLICARPA SALAVARRIETA,IE POLICARPA SALAVARRIETA - Mesa 1,QUINDIO - ARMENIA - Zona 03 - IE POLICARPA SALAVARRIETA - Mesa 01,Sí,No,Nunca
172,testigo_2601040101001,2601040101001,testigo_electoral,test123,QUINDIO,ARMENIA,Zona 04,IE NUESTRA SEÑORA DE BELEN,IE NUESTRA SEÑORA DE BELEN - Mesa 1,QUINDIO - ARMENIA - Zona 04 - IE NUESTRA SEÑORA DE BELEN - Mesa 01,Sí,No,Nunca
173,testigo_2601040102001,2601040102001,testigo_electoral,test123,QUINDIO,ARMENIA,Zona 04,IE NUESTRA SEÑORA DE BELEN,IE NUESTRA SEÑORA DE BELEN - Mesa 2,QUINDIO - ARMENIA - Zona 04 - IE NUESTRA SEÑORA DE BELEN - Mesa 02,Sí,No,Nunca
174,testigo_2601040201001,2601040201001,testigo_electoral,test123,QUINDIO,ARMENIA,Zona 04,IE LA ADIELA SEDE LA CECILIA,IE LA ADIELA SEDE LA CECILIA - Mesa 1,QUINDIO - ARMENIA - Zona 04 - IE LA ADIELA SEDE LA CECILIA - Mesa 01,Sí,No,Nunca
175,testigo_2601040202001,2601040202001,testigo_electoral,test123,QUINDIO,ARMENIA,Zona 04,IE LA ADIELA SEDE LA CECILIA,IE LA ADIELA SEDE LA CECILIA - Mesa 2,QUINDIO - ARMENIA - Zona 04 - IE LA ADIELA SEDE LA CECILIA - Mesa 02,Sí,No,Nunca
176,testigo_2601040203001,2601040203001,testigo_electoral,test123,QUINDIO,ARMENIA,Zona 04,IE LA ADIELA SEDE LA CECILIA,IE LA ADIELA SEDE LA CECILIA - Mesa 3,QUINDIO - ARMENIA - Zona 04 - IE LA ADIELA SEDE LA CECILIA - Mesa 03,Sí,No,Nunca
177,testigo_2601040301001,2601040301001,testigo_electoral,test123,QUINDIO,ARMENIA,Zona 04,IE LAS COLINAS,IE LAS COLINAS - Mesa 1,QUINDIO - ARMENIA - Zona 04 - IE LAS COLINAS - Mesa 01,Sí,No,Nunca
178,testigo_2601050101001,2601050101001,testigo_electoral,test123,QUINDIO,ARMENIA,Zona 05,IE JESUS MARIA OCAMPO,IE JESUS MARIA OCAMPO - Mesa 1,QUINDIO - ARMENIA - Zona 05 - IE JESUS MARIA OCAMPO - Mesa 01,Sí,No,Nunca
179,testigo_2601050102001,2601050102001,testigo_electoral,test123,QUINDIO,ARMENIA,Zona 05,IE JESUS MARIA OCAMPO,IE JESUS MARIA OCAMPO - Mesa 2,QUINDIO - ARMENIA - Zona 05 - IE JESUS MARIA OCAMPO - Mesa 02,Sí,No,Nunca
180,testigo_2601050201001,2601050201001,testigo_electoral,test123,QUINDIO,ARMENIA,Zona 05,IE CIUDAD DORADA,IE CIUDAD DORADA - Mesa 1,QUINDIO - ARMENIA - Zona 05 - IE CIUDAD DORADA - Mesa 01,Sí,No,Nunca
181,testigo_2601050202001,2601050202001,testigo_electoral,test123,QUINDIO,ARMENIA,Zona 05,IE CIUDAD DORADA,IE CIUDAD DORADA - Mesa 2,QUINDIO - ARMENIA - Zona 05 - IE CIUDAD DORADA - Mesa 02,Sí,No,Nunca
182,testigo_2601050301001,2601050301001,testigo_electoral,test123,QUINDIO,ARMENIA,Zona 05,IE CAMILO TORRES,IE CAMILO TORRES - Mesa 1,QUINDIO - ARMENIA - Zona 05 - IE CAMILO TORRES - Mesa 01,Sí,No,Nunca
183,testigo_2601050302001,2601050302001,testigo_electoral,test123,QUINDIO,ARMENIA,Zona 05,IE CAMILO TORRES,IE CAMILO TORRES - Mesa 2,QUINDIO - ARMENIA - Zona 05 - IE CAMILO TORRES - Mesa 02,Sí,No,Nunca
184,testigo_2601050401001,2601050401001,testigo_electoral,test123,QUINDIO,ARMENIA,Zona 05,IE LUIS BERNAL GIRALDO,IE LUIS BERNAL GIRALDO - Mesa 1,QUINDIO - ARMENIA - Zona 05 - IE LUIS BERNAL GIRALDO - Mesa 01,Sí,No,Nunca
185,testigo_2601060101001,2601060101001,testigo_electoral,test123,QUINDIO,ARMENIA,Zona 06,IE RUFINO CUERVO CENT SEDE ANT,IE RUFINO CUERVO CENT SEDE ANT - Mesa 1,QUINDIO - ARMENIA - Zona 06 - IE RUFINO CUERVO CENT SEDE ANT - Mesa 01,Sí,No,Nunca
186,testigo_2601060201001,2601060201001,testigo_electoral,test123,QUINDIO,ARMENIA,Zona 06,IE CAMARA JUNIOR,IE CAMARA JUNIOR - Mesa 1,QUINDIO - ARMENIA - Zona 06 - IE CAMARA JUNIOR - Mesa 01,Sí,No,Nunca
187,testigo_2601060202001,2601060202001,testigo_electoral,test123,QUINDIO,ARMENIA,Zona 06,IE CAMARA JUNIOR,IE CAMARA JUNIOR - Mesa 2,QUINDIO - ARMENIA - Zona 06 - IE CAMARA JUNIOR - Mesa 02,Sí,No,Nunca
188,testigo_2601060301001,2601060301001,testigo_electoral,test123,QUINDIO,ARMENIA,Zona 06,IE GUSTAVO MATAMOROS D. COSTA,IE GUSTAVO MATAMOROS D. COSTA - Mesa 1,QUINDIO - ARMENIA - Zona 06 - IE GUSTAVO MATAMOROS D. COSTA - Mesa 01,Sí,No,Nunca
189,testigo_2601060302001,2601060302001,testigo_electoral,test123,QUINDIO,ARMENIA,Zona 06,IE GUSTAVO MATAMOROS D. COSTA,IE GUSTAVO MATAMOROS D. COSTA - Mesa 2,QUINDIO - ARMENIA - Zona 06 - IE GUSTAVO MATAMOROS D. COSTA - Mesa 02,Sí,No,Nunca
190,testigo_2601060303001,2601060303001,testigo_electoral,test123,QUINDIO,ARMENIA,Zona 06,IE GUSTAVO MATAMOROS D. COSTA,IE GUSTAVO MATAMOROS D. COSTA - Mesa 3,QUINDIO - ARMENIA - Zona 06 - IE GUSTAVO MATAMOROS D. COSTA - Mesa 03,Sí,No,Nunca
191,testigo_2601060401001,2601060401001,testigo_electoral,test123,QUINDIO,ARMENIA,Zona 06,IE CAMARA JUNIOR SEDE LA PAVON,IE CAMARA JUNIOR SEDE LA PAVON - Mesa 1,QUINDIO - ARMENIA - Zona 06 - IE CAMARA JUNIOR SEDE LA PAVON - Mesa 01,Sí,No,Nunca
192,testigo_2601070101001,2601070101001,testigo_electoral,test123,QUINDIO,ARMENIA,Zona 07,IE RUFINO JOSE CUERVO CENTRO,IE RUFINO JOSE CUERVO CENTRO - Mesa 1,QUINDIO - ARMENIA - Zona 07 - IE RUFINO JOSE CUERVO CENTRO - Mesa 01,Sí,No,Nunca
193,testigo_2601070102001,2601070102001,testigo_electoral,test123,QUINDIO,ARMENIA,Zona 07,IE RUFINO JOSE CUERVO CENTRO,IE RUFINO JOSE CUERVO CENTRO - Mesa 2,QUINDIO - ARMENIA - Zona 07 - IE RUFINO JOSE CUERVO CENTRO - Mesa 02,Sí,No,Nunca
194,testigo_2601070103001,2601070103001,testigo_electoral,test123,QUINDIO,ARMENIA,Zona 07,IE RUFINO JOSE CUERVO CENTRO,IE RUFINO JOSE CUERVO CENTRO - Mesa 3,QUINDIO - ARMENIA - Zona 07 - IE RUFINO JOSE CUERVO CENTRO - Mesa 03,Sí,No,Nunca
195,testigo_2601070201001,2601070201001,testigo_electoral,test123,QUINDIO,ARMENIA,Zona 07,IE ESCUELA NORMAL SUPERIOR,IE ESCUELA NORMAL SUPERIOR - Mesa 1,QUINDIO - ARMENIA - Zona 07 - IE ESCUELA NORMAL SUPERIOR - Mesa 01,Sí,No,Nunca
196,testigo_2601070202001,2601070202001,testigo_electoral,test123,QUINDIO,ARMENIA,Zona 07,IE ESCUELA NORMAL SUPERIOR,IE ESCUELA NORMAL SUPERIOR - Mesa 2,QUINDIO - ARMENIA - Zona 07 - IE ESCUELA NORMAL SUPERIOR - Mesa 02,Sí,No,Nunca
197,testigo_2601070301001,2601070301001,testigo_electoral,test123,QUINDIO,ARMENIA,Zona 07,IE CIUDADELA DE OCCIDENTE,IE CIUDADELA DE OCCIDENTE - Mesa 1,QUINDIO - ARMENIA - Zona 07 - IE CIUDADELA DE OCCIDENTE - Mesa 01,Sí,No,Nunca
198,testigo_2601070302001,2601070302001,testigo_electoral,test123,QUINDIO,ARMENIA,Zona 07,IE CIUDADELA DE OCCIDENTE,IE CIUDADELA DE OCCIDENTE - Mesa 2,QUINDIO - ARMENIA - Zona 07 - IE CIUDADELA DE OCCIDENTE - Mesa 02,Sí,No,Nunca
199,testigo_2601070401001,2601070401001,testigo_electoral,test123,QUINDIO,ARMENIA,Zona 07,IE CIUDADELA DE OCCIDENTE SD LA PATRIA,IE CIUDADELA DE OCCIDENTE SD LA PATRIA - Mesa 1,QUINDIO - ARMENIA - Zona 07 - IE CIUDADELA DE OCCIDENTE SD LA PATRIA - Mesa 01,Sí,No,Nunca
200,testigo_2601070402001,2601070402001,testigo_electoral,test123,QUINDIO,ARMENIA,Zona 07,IE CIUDADELA DE OCCIDENTE SD LA PATRIA,IE CIUDADELA DE OCCIDENTE SD LA PATRIA - Mesa 2,QUINDIO - ARMENIA - Zona 07 - IE CIUDADELA DE OCCIDENTE SD LA PATRIA - Mesa 02,Sí,No,Nunca
201,testigo_2601080101001,2601080101001,testigo_electoral,test123,QUINDIO,ARMENIA,Zona 08,IE CIUDAD ARMENIA,IE CIUDAD ARMENIA - Mesa 1,QUINDIO - ARMENIA - Zona 08 - IE CIUDAD ARMENIA - Mesa 01,Sí,No,Nunca
202,testigo_2601080102001,2601080102001,testigo_electoral,test123,QUINDIO,ARMENIA,Zona 08,IE CIUDAD ARMENIA,IE CIUDAD ARMENIA - Mesa 2,QUINDIO - ARMENIA - Zona 08 - IE CIUDAD ARMENIA - Mesa 02,Sí,No,Nunca
203,testigo_2601080201001,2601080201001,testigo_electoral,test123,QUINDIO,ARMENIA,Zona 08,CENTRO ADMINISTRATIVO MUNICIPAL,CENTRO ADMINISTRATIVO MUNICIPAL - Mesa 1,QUINDIO - ARMENIA - Zona 08 - CENTRO ADMINISTRATIVO MUNICIPAL - Mesa 01,Sí,No,Nunca
204,testigo_2601080202001,2601080202001,testigo_electoral,test123,QUINDIO,ARMENIA,Zona 08,CENTRO ADMINISTRATIVO MUNICIPAL,CENTRO ADMINISTRATIVO MUNICIPAL - Mesa 2,QUINDIO - ARMENIA - Zona 08 - CENTRO ADMINISTRATIVO MUNICIPAL - Mesa 02,Sí,No,Nunca
205,testigo_2601080203001,2601080203001,testigo_electoral,test123,QUINDIO,ARMENIA,Zona 08,CENTRO ADMINISTRATIVO MUNICIPAL,CENTRO ADMINISTRATIVO MUNICIPAL - Mesa 3,QUINDIO - ARMENIA - Zona 08 - CENTRO ADMINISTRATIVO MUNICIPAL - Mesa 03,Sí,No,Nunca
206,testigo_2601080204001,2601080204001,testigo_electoral,test123,QUINDIO,ARMENIA,Zona 08,CENTRO ADMINISTRATIVO MUNICIPAL,CENTRO ADMINISTRATIVO MUNICIPAL - Mesa 4,QUINDIO - ARMENIA - Zona 08 - CENTRO ADMINISTRATIVO MUNICIPAL - Mesa 04,Sí,No,Nunca
207,testigo_2601080301001,2601080301001,testigo_electoral,test123,QUINDIO,ARMENIA,Zona 08,COL SAGRADO CORAZON DE JESUS B,COL SAGRADO CORAZON DE JESUS B - Mesa 1,QUINDIO - ARMENIA - Zona 08 - COL SAGRADO CORAZON DE JESUS B - Mesa 01,Sí,No,Nunca
208,testigo_2601080302001,2601080302001,testigo_electoral,test123,QUINDIO,ARMENIA,Zona 08,COL SAGRADO CORAZON DE JESUS B,COL SAGRADO CORAZON DE JESUS B - Mesa 2,QUINDIO - ARMENIA - Zona 08 - COL SAGRADO CORAZON DE JESUS B - Mesa 02,Sí,No,Nunca
209,testigo_2601080401001,2601080401001,testigo_electoral,test123,QUINDIO,ARMENIA,Zona 08,ESC. SUP. DE ADMINISTRACION PUBLICA ESAP,ESC. SUP. DE ADMINISTRACION PUBLICA ESAP - Mesa 1,QUINDIO - ARMENIA - Zona 08 - ESC. SUP. DE ADMINISTRACION PUBLICA ESAP - Mesa 01,Sí,No,Nunca
210,testigo_2601090101001,2601090101001,testigo_electoral,test123,QUINDIO,ARMENIA,Zona 09,IE CRISTOBAL COLON,IE CRISTOBAL COLON - Mesa 1,QUINDIO - ARMENIA - Zona 09 - IE CRISTOBAL COLON - Mesa 01,Sí,No,Nunca
211,testigo_2601090102001,2601090102001,testigo_electoral,test123,QUINDIO,ARMENIA,Zona 09,IE CRISTOBAL COLON,IE CRISTOBAL COLON - Mesa 2,QUINDIO - ARMENIA - Zona 09 - IE CRISTOBAL COLON - Mesa 02,Sí,No,Nunca
212,testigo_2601090201001,2601090201001,testigo_electoral,test123,QUINDIO,ARMENIA,Zona 09,IE GRAN COLOMBIA,IE GRAN COLOMBIA - Mesa 1,QUINDIO - ARMENIA - Zona 09 - IE GRAN COLOMBIA - Mesa 01,Sí,No,Nunca
213,testigo_2601090202001,2601090202001,testigo_electoral,test123,QUINDIO,ARMENIA,Zona 09,IE GRAN COLOMBIA,IE GRAN COLOMBIA - Mesa 2,QUINDIO - ARMENIA - Zona 09 - IE GRAN COLOMBIA - Mesa 02,Sí,No,Nunca
214,testigo_2601090301001,2601090301001,testigo_electoral,test123,QUINDIO,ARMENIA,Zona 09,COLISEO DEL CAFE,COLISEO DEL CAFE - Mesa 1,QUINDIO - ARMENIA - Zona 09 - COLISEO DEL CAFE - Mesa 01,Sí,No,Nunca
215,testigo_2601090302001,2601090302001,testigo_electoral,test123,QUINDIO,ARMENIA,Zona 09,COLISEO DEL CAFE,COLISEO DEL CAFE - Mesa 2,QUINDIO - ARMENIA - Zona 09 - COLISEO DEL CAFE - Mesa 02,Sí,No,Nunca
216,testigo_2601090303001,2601090303001,testigo_electoral,test123,QUINDIO,ARMENIA,Zona 09,COLISEO DEL CAFE,COLISEO DEL CAFE - Mesa 3,QUINDIO - ARMENIA - Zona 09 - COLISEO DEL CAFE - Mesa 03,Sí,No,Nunca
217,testigo_2601090401001,2601090401001,testigo_electoral,test123,QUINDIO,ARMENIA,Zona 09,IE INEM JOSE CELESTINO MUTIS,IE INEM JOSE CELESTINO MUTIS - Mesa 1,QUINDIO - ARMENIA - Zona 09 - IE INEM JOSE CELESTINO MUTIS - Mesa 01,Sí,No,Nunca
218,testigo_2601090402001,2601090402001,testigo_electoral,test123,QUINDIO,ARMENIA,Zona 09,IE INEM JOSE CELESTINO MUTIS,IE INEM JOSE CELESTINO MUTIS - Mesa 2,QUINDIO - ARMENIA - Zona 09 - IE INEM JOSE CELESTINO MUTIS - Mesa 02,Sí,No,Nunca
219,testigo_2601090501001,2601090501001,testigo_electoral,test123,QUINDIO,ARMENIA,Zona 09,IE CASD SEDE SANTA EUFRACIA,IE CASD SEDE SANTA EUFRACIA - Mesa 1,QUINDIO - ARMENIA - Zona 09 - IE CASD SEDE SANTA EUFRACIA - Mesa 01,Sí,No,Nunca
220,testigo_2601090502001,2601090502001,testigo_electoral,test123,QUINDIO,ARMENIA,Zona 09,IE CASD SEDE SANTA EUFRACIA,IE CASD SEDE SANTA EUFRACIA - Mesa 2,QUINDIO - ARMENIA - Zona 09 - IE CASD SEDE SANTA EUFRACIA - Mesa 02,Sí,No,Nunca
221,testigo_2601090503001,2601090503001,testigo_electoral,test123,QUINDIO,ARMENIA,Zona 09,IE CASD SEDE SANTA EUFRACIA,IE CASD SEDE SANTA EUFRACIA - Mesa 3,QUINDIO - ARMENIA - Zona 09 - IE CASD SEDE SANTA EUFRACIA - Mesa 03,Sí,No,Nunca
222,testigo_2601090601001,2601090601001,testigo_electoral,test123,QUINDIO,ARMENIA,Zona 09,IE CASD SEDE PRINCIPAL,IE CASD SEDE PRINCIPAL - Mesa 1,QUINDIO - ARMENIA - Zona 09 - IE CASD SEDE PRINCIPAL - Mesa 01,Sí,No,Nunca
223,testigo_2601100101001,2601100101001,testigo_electoral,test123,QUINDIO,ARMENIA,Zona 10,COLISEO SENA,COLISEO SENA - Mesa 1,QUINDIO - ARMENIA - Zona 10 - COLISEO SENA - Mesa 01,Sí,No,Nunca
224,testigo_2601100102001,2601100102001,testigo_electoral,test123,QUINDIO,ARMENIA,Zona 10,COLISEO SENA,COLISEO SENA - Mesa 2,QUINDIO - ARMENIA - Zona 10 - COLISEO SENA - Mesa 02,Sí,No,Nunca
225,testigo_2601100201001,2601100201001,testigo_electoral,test123,QUINDIO,ARMENIA,Zona 10,UNIVERSIDAD DEL QUINDIO,UNIVERSIDAD DEL QUINDIO - Mesa 1,QUINDIO - ARMENIA - Zona 10 - UNIVERSIDAD DEL QUINDIO - Mesa 01,Sí,No,Nunca
226,testigo_2601100202001,2601100202001,testigo_electoral,test123,QUINDIO,ARMENIA,Zona 10,UNIVERSIDAD DEL QUINDIO,UNIVERSIDAD DEL QUINDIO - Mesa 2,QUINDIO - ARMENIA - Zona 10 - UNIVERSIDAD DEL QUINDIO - Mesa 02,Sí,No,Nunca
227,testigo_2601100203001,2601100203001,testigo_electoral,test123,QUINDIO,ARMENIA,Zona 10,UNIVERSIDAD DEL QUINDIO,UNIVERSIDAD DEL QUINDIO - Mesa 3,QUINDIO - ARMENIA - Zona 10 - UNIVERSIDAD DEL QUINDIO - Mesa 03,Sí,No,Nunca
228,testigo_2601100204001,2601100204001,testigo_electoral,test123,QUINDIO,ARMENIA,Zona 10,UNIVERSIDAD DEL QUINDIO,UNIVERSIDAD DEL QUINDIO - Mesa 4,QUINDIO - ARMENIA - Zona 10 - UNIVERSIDAD DEL QUINDIO - Mesa 04,Sí,No,Nunca
229,testigo_2601100205001,2601100205001,testigo_electoral,test123,QUINDIO,ARMENIA,Zona 10,UNIVERSIDAD DEL QUINDIO,UNIVERSIDAD DEL QUINDIO - Mesa 5,QUINDIO - ARMENIA - Zona 10 - UNIVERSIDAD DEL QUINDIO - Mesa 05,Sí,No,Nunca
230,testigo_2601100301001,2601100301001,testigo_electoral,test123,QUINDIO,ARMENIA,Zona 10,IE REPUBLICA DE FRANCIA,IE REPUBLICA DE FRANCIA - Mesa 1,QUINDIO - ARMENIA - Zona 10 - IE REPUBLICA DE FRANCIA - Mesa 01,Sí,No,Nunca
231,testigo_2601100302001,2601100302001,testigo_electoral,test123,QUINDIO,ARMENIA,Zona 10,IE REPUBLICA DE FRANCIA,IE REPUBLICA DE FRANCIA - Mesa 2,QUINDIO - ARMENIA - Zona 10 - IE REPUBLICA DE FRANCIA - Mesa 02,Sí,No,Nunca
232,testigo_2601100401001,2601100401001,testigo_electoral,test123,QUINDIO,ARMENIA,Zona 10,ESC. DE ADM. Y MERCADOTECNIA EAM,ESC. DE ADM. Y MERCADOTECNIA EAM - Mesa 1,QUINDIO - ARMENIA - Zona 10 - ESC. DE ADM. Y MERCADOTECNIA EAM - Mesa 01,Sí,No,Nunca
233,testigo_2601100402001,2601100402001,testigo_electoral,test123,QUINDIO,ARMENIA,Zona 10,ESC. DE ADM. Y MERCADOTECNIA EAM,ESC. DE ADM. Y MERCADOTECNIA EAM - Mesa 2,QUINDIO - ARMENIA - Zona 10 - ESC. DE ADM. Y MERCADOTECNIA EAM - Mesa 02,Sí,No,Nunca
234,testigo_2601100501001,2601100501001,testigo_electoral,test123,QUINDIO,ARMENIA,Zona 10,FUNDACION QUINDIANA DE ATENCION INTEGRAL,FUNDACION QUINDIANA DE ATENCION INTEGRAL - Mesa 1,QUINDIO - ARMENIA - Zona 10 - FUNDACION QUINDIANA DE ATENCION INTEGRAL - Mesa 01,Sí,No,Nunca
235,testigo_2601100601001,2601100601001,testigo_electoral,test123,QUINDIO,ARMENIA,Zona 10,SENA CENTRO AGROINDUSTRIAL,SENA CENTRO AGROINDUSTRIAL - Mesa 1,QUINDIO - ARMENIA - Zona 10 - SENA CENTRO AGROINDUSTRIAL - Mesa 01,Sí,No,Nunca
236,testigo_2601100701001,2601100701001,testigo_electoral,test123,QUINDIO,ARMENIA,Zona 10,IE EUDORO GRANADA SD FUNDADORES,IE EUDORO GRANADA SD FUNDADORES - Mesa 1,QUINDIO - ARMENIA - Zona 10 - IE EUDORO GRANADA SD FUNDADORES - Mesa 01,Sí,No,Nunca
237,testigo_2601100801001,2601100801001,testigo_electoral,test123,QUINDIO,ARMENIA,Zona 10,IE SANTA TERESA DE JESUS SD LA FLORIDA,IE SANTA TERESA DE JESUS SD LA FLORIDA - Mesa 1,QUINDIO - ARMENIA - Zona 10 - IE SANTA TERESA DE JESUS SD LA FLORIDA - Mesa 01,Sí,No,Nunca
238,testigo_2601900101001,2601900101001,testigo_electoral,test123,QUINDIO,ARMENIA,Zona 90,ESTADIO CENTENARIO,ESTADIO CENTENARIO - Mesa 1,QUINDIO - ARMENIA - Zona 90 - ESTADIO CENTENARIO - Mesa 01,Sí,No,Nunca
239,testigo_2601900102001,2601900102001,testigo_electoral,test123,QUINDIO,ARMENIA,Zona 90,ESTADIO CENTENARIO,ESTADIO CENTENARIO - Mesa 2,QUINDIO - ARMENIA - Zona 90 - ESTADIO CENTENARIO - Mesa 02,Sí,No,Nunca
240,testigo_2601900103001,2601900103001,testigo_electoral,test123,QUINDIO,ARMENIA,Zona 90,ESTADIO CENTENARIO,ESTADIO CENTENARIO - Mesa 3,QUINDIO - ARMENIA - Zona 90 - ESTADIO CENTENARIO - Mesa 03,Sí,No,Nunca
241,testigo_2601980101001,2601980101001,testigo_electoral,test123,QUINDIO,ARMENIA,Zona 98,CARCEL CENTRO PENITENCIARIO SA,CARCEL CENTRO PENITENCIARIO SA - Mesa 1,QUINDIO - ARMENIA - Zona 98 - CARCEL CENTRO PENITENCIARIO SA - Mesa 01,Sí,No,Nunca
242,testigo_2601980201001,2601980201001,testigo_electoral,test123,QUINDIO,ARMENIA,Zona 98,CARCEL VILLA CRISTINA,CARCEL VILLA CRISTINA - Mesa 1,QUINDIO - ARMENIA - Zona 98 - CARCEL VILLA CRISTINA - Mesa 01,Sí,No,Nunca
243,testigo_2601992701001,2601992701001,testigo_electoral,test123,QUINDIO,ARMENIA,Zona 99,EL CAIMO,EL CAIMO - Mesa 1,QUINDIO - ARMENIA - Zona 99 - EL CAIMO - Mesa 01,Sí,No,Nunca
244,testigo_2601995801001,2601995801001,testigo_electoral,test123,QUINDIO,ARMENIA,Zona 99,MURILLO,MURILLO - Mesa 1,QUINDIO - ARMENIA - Zona 99 - MURILLO - Mesa 01,Sí,No,Nunca
245,testigo_2601997001001,2601997001001,testigo_electoral,test123,QUINDIO,ARMENIA,Zona 99,FUND. MANOS UNIDAS DE DIOS (PANTANILLO),FUND. MANOS UNIDAS DE DIOS (PANTANILLO) - Mesa 1,QUINDIO - ARMENIA - Zona 99 - FUND. MANOS UNIDAS DE DIOS (PANTANILLO) - Mesa 01,Sí,No,Nunca
246,testigo_2605000001001,2605000001001,testigo_electoral,test123,QUINDIO,BUENAVISTA,Zona 00,PUESTO CABECERA MUNICIPAL,PUESTO CABECERA MUNICIPAL - Mesa 1,QUINDIO - BUENAVISTA - Zona 00 - PUESTO CABECERA MUNICIPAL - Mesa 01,Sí,No,Nunca
247,testigo_2605997001001,2605997001001,testigo_electoral,test123,QUINDIO,BUENAVISTA,Zona 99,IE RIO VERDE BAJO,IE RIO VERDE BAJO - Mesa 1,QUINDIO - BUENAVISTA - Zona 99 - IE RIO VERDE BAJO - Mesa 01,Sí,No,Nunca
248,testigo_2610010101001,2610010101001,testigo_electoral,test123,QUINDIO,CALARCA,Zona 01,INST.EDUC.SEGUNDO HENAO,INST.EDUC.SEGUNDO HENAO - Mesa 1,QUINDIO - CALARCA - Zona 01 - INST.EDUC.SEGUNDO HENAO - Mesa 01,Sí,No,Nunca
249,testigo_2610010102001,2610010102001,testigo_electoral,test123,QUINDIO,CALARCA,Zona 01,INST.EDUC.SEGUNDO HENAO,INST.EDUC.SEGUNDO HENAO - Mesa 2,QUINDIO - CALARCA - Zona 01 - INST.EDUC.SEGUNDO HENAO - Mesa 02,Sí,No,Nunca
250,testigo_2610010201001,2610010201001,testigo_electoral,test123,QUINDIO,CALARCA,Zona 01,COLEGIO LEON DE GREIFF,COLEGIO LEON DE GREIFF - Mesa 1,QUINDIO - CALARCA - Zona 01 - COLEGIO LEON DE GREIFF - Mesa 01,Sí,No,Nunca
251,testigo_2610010202001,2610010202001,testigo_electoral,test123,QUINDIO,CALARCA,Zona 01,COLEGIO LEON DE GREIFF,COLEGIO LEON DE GREIFF - Mesa 2,QUINDIO - CALARCA - Zona 01 - COLEGIO LEON DE GREIFF - Mesa 02,Sí,No,Nunca
252,testigo_2610010301001,2610010301001,testigo_electoral,test123,QUINDIO,CALARCA,Zona 01,COL. ROMAN MARIA VALENCIA,COL. ROMAN MARIA VALENCIA - Mesa 1,QUINDIO - CALARCA - Zona 01 - COL. ROMAN MARIA VALENCIA - Mesa 01,Sí,No,Nunca
253,testigo_2610010302001,2610010302001,testigo_electoral,test123,QUINDIO,CALARCA,Zona 01,COL. ROMAN MARIA VALENCIA,COL. ROMAN MARIA VALENCIA - Mesa 2,QUINDIO - CALARCA - Zona 01 - COL. ROMAN MARIA VALENCIA - Mesa 02,Sí,No,Nunca
254,testigo_2610010401001,2610010401001,testigo_electoral,test123,QUINDIO,CALARCA,Zona 01,COLEGIO ANTONIO NARIÑO,COLEGIO ANTONIO NARIÑO - Mesa 1,QUINDIO - CALARCA - Zona 01 - COLEGIO ANTONIO NARIÑO - Mesa 01,Sí,No,Nunca
255,testigo_2610010402001,2610010402001,testigo_electoral,test123,QUINDIO,CALARCA,Zona 01,COLEGIO ANTONIO NARIÑO,COLEGIO ANTONIO NARIÑO - Mesa 2,QUINDIO - CALARCA - Zona 01 - COLEGIO ANTONIO NARIÑO - Mesa 02,Sí,No,Nunca
256,testigo_2610010403001,2610010403001,testigo_electoral,test123,QUINDIO,CALARCA,Zona 01,COLEGIO ANTONIO NARIÑO,COLEGIO ANTONIO NARIÑO - Mesa 3,QUINDIO - CALARCA - Zona 01 - COLEGIO ANTONIO NARIÑO - Mesa 03,Sí,No,Nunca
257,testigo_2610010501001,2610010501001,testigo_electoral,test123,QUINDIO,CALARCA,Zona 01,CIUDADELA EDU SECTOR LAURELES,CIUDADELA EDU SECTOR LAURELES - Mesa 1,QUINDIO - CALARCA - Zona 01 - CIUDADELA EDU SECTOR LAURELES - Mesa 01,Sí,No,Nunca
258,testigo_2610020101001,2610020101001,testigo_electoral,test123,QUINDIO,CALARCA,Zona 02,COLEGIO ROBLEDO,COLEGIO ROBLEDO - Mesa 1,QUINDIO - CALARCA - Zona 02 - COLEGIO ROBLEDO - Mesa 01,Sí,No,Nunca
259,testigo_2610020102001,2610020102001,testigo_electoral,test123,QUINDIO,CALARCA,Zona 02,COLEGIO ROBLEDO,COLEGIO ROBLEDO - Mesa 2,QUINDIO - CALARCA - Zona 02 - COLEGIO ROBLEDO - Mesa 02,Sí,No,Nunca
260,testigo_2610020103001,2610020103001,testigo_electoral,test123,QUINDIO,CALARCA,Zona 02,COLEGIO ROBLEDO,COLEGIO ROBLEDO - Mesa 3,QUINDIO - CALARCA - Zona 02 - COLEGIO ROBLEDO - Mesa 03,Sí,No,Nunca
261,testigo_2610020201001,2610020201001,testigo_electoral,test123,QUINDIO,CALARCA,Zona 02,ESCUELA SANTANDER,ESCUELA SANTANDER - Mesa 1,QUINDIO - CALARCA - Zona 02 - ESCUELA SANTANDER - Mesa 01,Sí,No,Nunca
262,testigo_2610020202001,2610020202001,testigo_electoral,test123,QUINDIO,CALARCA,Zona 02,ESCUELA SANTANDER,ESCUELA SANTANDER - Mesa 2,QUINDIO - CALARCA - Zona 02 - ESCUELA SANTANDER - Mesa 02,Sí,No,Nunca
263,testigo_2610020301001,2610020301001,testigo_electoral,test123,QUINDIO,CALARCA,Zona 02,CONCENTRACION JHON F. KENNEDY,CONCENTRACION JHON F. KENNEDY - Mesa 1,QUINDIO - CALARCA - Zona 02 - CONCENTRACION JHON F. KENNEDY - Mesa 01,Sí,No,Nunca
264,testigo_2610020302001,2610020302001,testigo_electoral,test123,QUINDIO,CALARCA,Zona 02,CONCENTRACION JHON F. KENNEDY,CONCENTRACION JHON F. KENNEDY - Mesa 2,QUINDIO - CALARCA - Zona 02 - CONCENTRACION JHON F. KENNEDY - Mesa 02,Sí,No,Nunca
265,testigo_2610020401001,2610020401001,testigo_electoral,test123,QUINDIO,CALARCA,Zona 02,IE SAN RAFAEL SD LA PRIMAVERA,IE SAN RAFAEL SD LA PRIMAVERA - Mesa 1,QUINDIO - CALARCA - Zona 02 - IE SAN RAFAEL SD LA PRIMAVERA - Mesa 01,Sí,No,Nunca
266,testigo_2610900101001,2610900101001,testigo_electoral,test123,QUINDIO,CALARCA,Zona 90,PUESTO CENSO (VIVE DIGITAL),PUESTO CENSO (VIVE DIGITAL) - Mesa 1,QUINDIO - CALARCA - Zona 90 - PUESTO CENSO (VIVE DIGITAL) - Mesa 01,Sí,No,Nunca
267,testigo_2610980101001,2610980101001,testigo_electoral,test123,QUINDIO,CALARCA,Zona 98,CARCEL,CARCEL - Mesa 1,QUINDIO - CALARCA - Zona 98 - CARCEL - Mesa 01,Sí,No,Nunca
268,testigo_2610991001001,2610991001001,testigo_electoral,test123,QUINDIO,CALARCA,Zona 99,BARCELONA,BARCELONA - Mesa 1,QUINDIO - CALARCA - Zona 99 - BARCELONA - Mesa 01,Sí,No,Nunca
269,testigo_2610991002001,2610991002001,testigo_electoral,test123,QUINDIO,CALARCA,Zona 99,BARCELONA,BARCELONA - Mesa 2,QUINDIO - CALARCA - Zona 99 - BARCELONA - Mesa 02,Sí,No,Nunca
270,testigo_2610995001001,2610995001001,testigo_electoral,test123,QUINDIO,CALARCA,Zona 99,LA ALBANIA,LA ALBANIA - Mesa 1,QUINDIO - CALARCA - Zona 99 - LA ALBANIA - Mesa 01,Sí,No,Nunca
271,testigo_2610995201001,2610995201001,testigo_electoral,test123,QUINDIO,CALARCA,Zona 99,LA BELLA,LA BELLA - Mesa 1,QUINDIO - CALARCA - Zona 99 - LA BELLA - Mesa 01,Sí,No,Nunca
272,testigo_2610995501001,2610995501001,testigo_electoral,test123,QUINDIO,CALARCA,Zona 99,LA VIRGINIA,LA VIRGINIA - Mesa 1,QUINDIO - CALARCA - Zona 99 - LA VIRGINIA - Mesa 01,Sí,No,Nunca
273,testigo_2610997501001,2610997501001,testigo_electoral,test123,QUINDIO,CALARCA,Zona 99,QUEBRADANEGRA,QUEBRADANEGRA - Mesa 1,QUINDIO - CALARCA - Zona 99 - QUEBRADANEGRA - Mesa 01,Sí,No,Nunca
274,testigo_2620010101001,2620010101001,testigo_electoral,test123,QUINDIO,CIRCASIA,Zona 01,I.E.SAN JOSE,I.E.SAN JOSE - Mesa 1,QUINDIO - CIRCASIA - Zona 01 - I.E.SAN JOSE - Mesa 01,Sí,No,Nunca
275,testigo_2620010102001,2620010102001,testigo_electoral,test123,QUINDIO,CIRCASIA,Zona 01,I.E.SAN JOSE,I.E.SAN JOSE - Mesa 2,QUINDIO - CIRCASIA - Zona 01 - I.E.SAN JOSE - Mesa 02,Sí,No,Nunca
276,testigo_2620010201001,2620010201001,testigo_electoral,test123,QUINDIO,CIRCASIA,Zona 01,I.E.FRANCISCO LONDOÑO,I.E.FRANCISCO LONDOÑO - Mesa 1,QUINDIO - CIRCASIA - Zona 01 - I.E.FRANCISCO LONDOÑO - Mesa 01,Sí,No,Nunca
277,testigo_2620010202001,2620010202001,testigo_electoral,test123,QUINDIO,CIRCASIA,Zona 01,I.E.FRANCISCO LONDOÑO,I.E.FRANCISCO LONDOÑO - Mesa 2,QUINDIO - CIRCASIA - Zona 01 - I.E.FRANCISCO LONDOÑO - Mesa 02,Sí,No,Nunca
278,testigo_2620020101001,2620020101001,testigo_electoral,test123,QUINDIO,CIRCASIA,Zona 02,I.E.EDUCATIVA IMET,I.E.EDUCATIVA IMET - Mesa 1,QUINDIO - CIRCASIA - Zona 02 - I.E.EDUCATIVA IMET - Mesa 01,Sí,No,Nunca
279,testigo_2620020102001,2620020102001,testigo_electoral,test123,QUINDIO,CIRCASIA,Zona 02,I.E.EDUCATIVA IMET,I.E.EDUCATIVA IMET - Mesa 2,QUINDIO - CIRCASIA - Zona 02 - I.E.EDUCATIVA IMET - Mesa 02,Sí,No,Nunca
280,testigo_2620020201001,2620020201001,testigo_electoral,test123,QUINDIO,CIRCASIA,Zona 02,I E  LIBRE,I E  LIBRE - Mesa 1,QUINDIO - CIRCASIA - Zona 02 - I E  LIBRE - Mesa 01,Sí,No,Nunca
281,testigo_2620020202001,2620020202001,testigo_electoral,test123,QUINDIO,CIRCASIA,Zona 02,I E  LIBRE,I E  LIBRE - Mesa 2,QUINDIO - CIRCASIA - Zona 02 - I E  LIBRE - Mesa 02,Sí,No,Nunca
282,testigo_2620993001001,2620993001001,testigo_electoral,test123,QUINDIO,CIRCASIA,Zona 99,HOJAS ANCHAS,HOJAS ANCHAS - Mesa 1,QUINDIO - CIRCASIA - Zona 99 - HOJAS ANCHAS - Mesa 01,Sí,No,Nunca
283,testigo_2620995001001,2620995001001,testigo_electoral,test123,QUINDIO,CIRCASIA,Zona 99,LA CONCHA,LA CONCHA - Mesa 1,QUINDIO - CIRCASIA - Zona 99 - LA CONCHA - Mesa 01,Sí,No,Nunca
284,testigo_2620995301001,2620995301001,testigo_electoral,test123,QUINDIO,CIRCASIA,Zona 99,LA POLA,LA POLA - Mesa 1,QUINDIO - CIRCASIA - Zona 99 - LA POLA - Mesa 01,Sí,No,Nunca
285,testigo_2620995401001,2620995401001,testigo_electoral,test123,QUINDIO,CIRCASIA,Zona 99,LA SIRIA,LA SIRIA - Mesa 1,QUINDIO - CIRCASIA - Zona 99 - LA SIRIA - Mesa 01,Sí,No,Nunca
286,testigo_2620997201001,2620997201001,testigo_electoral,test123,QUINDIO,CIRCASIA,Zona 99,PIAMONTE,PIAMONTE - Mesa 1,QUINDIO - CIRCASIA - Zona 99 - PIAMONTE - Mesa 01,Sí,No,Nunca
287,testigo_2620998001001,2620998001001,testigo_electoral,test123,QUINDIO,CIRCASIA,Zona 99,SANTA RITA,SANTA RITA - Mesa 1,QUINDIO - CIRCASIA - Zona 99 - SANTA RITA - Mesa 01,Sí,No,Nunca
288,testigo_2625000001001,2625000001001,testigo_electoral,test123,QUINDIO,CORDOBA,Zona 00,PUESTO CABECERA MUNICIPAL,PUESTO CABECERA MUNICIPAL - Mesa 1,QUINDIO - CORDOBA - Zona 00 - PUESTO CABECERA MUNICIPAL - Mesa 01,Sí,No,Nunca
289,testigo_2625000002001,2625000002001,testigo_electoral,test123,QUINDIO,CORDOBA,Zona 00,PUESTO CABECERA MUNICIPAL,PUESTO CABECERA MUNICIPAL - Mesa 2,QUINDIO - CORDOBA - Zona 00 - PUESTO CABECERA MUNICIPAL - Mesa 02,Sí,No,Nunca
290,testigo_2630000001001,2630000001001,testigo_electoral,test123,QUINDIO,FILANDIA,Zona 00,IE LIC. ANDINO DE LA SANTISIMA TRINIDAD,IE LIC. ANDINO DE LA SANTISIMA TRINIDAD - Mesa 1,QUINDIO - FILANDIA - Zona 00 - IE LIC. ANDINO DE LA SANTISIMA TRINIDAD - Mesa 01,Sí,No,Nunca
291,testigo_2630000002001,2630000002001,testigo_electoral,test123,QUINDIO,FILANDIA,Zona 00,IE LIC. ANDINO DE LA SANTISIMA TRINIDAD,IE LIC. ANDINO DE LA SANTISIMA TRINIDAD - Mesa 2,QUINDIO - FILANDIA - Zona 00 - IE LIC. ANDINO DE LA SANTISIMA TRINIDAD - Mesa 02,Sí,No,Nunca
292,testigo_2630000003001,2630000003001,testigo_electoral,test123,QUINDIO,FILANDIA,Zona 00,IE LIC. ANDINO DE LA SANTISIMA TRINIDAD,IE LIC. ANDINO DE LA SANTISIMA TRINIDAD - Mesa 3,QUINDIO - FILANDIA - Zona 00 - IE LIC. ANDINO DE LA SANTISIMA TRINIDAD - Mesa 03,Sí,No,Nunca
293,testigo_2630993101001,2630993101001,testigo_electoral,test123,QUINDIO,FILANDIA,Zona 99,EL PARAISO,EL PARAISO - Mesa 1,QUINDIO - FILANDIA - Zona 99 - EL PARAISO - Mesa 01,Sí,No,Nunca
294,testigo_2630995301001,2630995301001,testigo_electoral,test123,QUINDIO,FILANDIA,Zona 99,LA INDIA,LA INDIA - Mesa 1,QUINDIO - FILANDIA - Zona 99 - LA INDIA - Mesa 01,Sí,No,Nunca
295,testigo_2630995401001,2630995401001,testigo_electoral,test123,QUINDIO,FILANDIA,Zona 99,CRUCES,CRUCES - Mesa 1,QUINDIO - FILANDIA - Zona 99 - CRUCES - Mesa 01,Sí,No,Nunca
296,testigo_2630997301001,2630997301001,testigo_electoral,test123,QUINDIO,FILANDIA,Zona 99,PAVAS,PAVAS - Mesa 1,QUINDIO - FILANDIA - Zona 99 - PAVAS - Mesa 01,Sí,No,Nunca
297,testigo_2640000001001,2640000001001,testigo_electoral,test123,QUINDIO,GENOVA,Zona 00,PUESTO CABECERA MUNICIPAL,PUESTO CABECERA MUNICIPAL - Mesa 1,QUINDIO - GENOVA - Zona 00 - PUESTO CABECERA MUNICIPAL - Mesa 01,Sí,No,Nunca
298,testigo_2640000002001,2640000002001,testigo_electoral,test123,QUINDIO,GENOVA,Zona 00,PUESTO CABECERA MUNICIPAL,PUESTO CABECERA MUNICIPAL - Mesa 2,QUINDIO - GENOVA - Zona 00 - PUESTO CABECERA MUNICIPAL - Mesa 02,Sí,No,Nunca
299,testigo_2640993201001,2640993201001,testigo_electoral,test123,QUINDIO,GENOVA,Zona 99,LA VENADA,LA VENADA - Mesa 1,QUINDIO - GENOVA - Zona 99 - LA VENADA - Mesa 01,Sí,No,Nunca
300,testigo_2650010101001,2650010101001,testigo_electoral,test123,QUINDIO,LA TEBAIDA,Zona 01,CTRO EDUC. INSTITUTO TEBAIDA,CTRO EDUC. INSTITUTO TEBAIDA - Mesa 1,QUINDIO - LA TEBAIDA - Zona 01 - CTRO EDUC. INSTITUTO TEBAIDA - Mesa 01,Sí,No,Nunca
301,testigo_2650010102001,2650010102001,testigo_electoral,test123,QUINDIO,LA TEBAIDA,Zona 01,CTRO EDUC. INSTITUTO TEBAIDA,CTRO EDUC. INSTITUTO TEBAIDA - Mesa 2,QUINDIO - LA TEBAIDA - Zona 01 - CTRO EDUC. INSTITUTO TEBAIDA - Mesa 02,Sí,No,Nunca
302,testigo_2650010103001,2650010103001,testigo_electoral,test123,QUINDIO,LA TEBAIDA,Zona 01,CTRO EDUC. INSTITUTO TEBAIDA,CTRO EDUC. INSTITUTO TEBAIDA - Mesa 3,QUINDIO - LA TEBAIDA - Zona 01 - CTRO EDUC. INSTITUTO TEBAIDA - Mesa 03,Sí,No,Nunca
303,testigo_2650010201001,2650010201001,testigo_electoral,test123,QUINDIO,LA TEBAIDA,Zona 01,INS. EDUC. GABRIELA MISTRAL,INS. EDUC. GABRIELA MISTRAL - Mesa 1,QUINDIO - LA TEBAIDA - Zona 01 - INS. EDUC. GABRIELA MISTRAL - Mesa 01,Sí,No,Nunca
304,testigo_2650010202001,2650010202001,testigo_electoral,test123,QUINDIO,LA TEBAIDA,Zona 01,INS. EDUC. GABRIELA MISTRAL,INS. EDUC. GABRIELA MISTRAL - Mesa 2,QUINDIO - LA TEBAIDA - Zona 01 - INS. EDUC. GABRIELA MISTRAL - Mesa 02,Sí,No,Nunca
305,testigo_2650010301001,2650010301001,testigo_electoral,test123,QUINDIO,LA TEBAIDA,Zona 01,INS. EDUC. NUEVO HORIZONTE,INS. EDUC. NUEVO HORIZONTE - Mesa 1,QUINDIO - LA TEBAIDA - Zona 01 - INS. EDUC. NUEVO HORIZONTE - Mesa 01,Sí,No,Nunca
306,testigo_2650020101001,2650020101001,testigo_electoral,test123,QUINDIO,LA TEBAIDA,Zona 02,IE PEDACITO DE CIELO,IE PEDACITO DE CIELO - Mesa 1,QUINDIO - LA TEBAIDA - Zona 02 - IE PEDACITO DE CIELO - Mesa 01,Sí,No,Nunca
307,testigo_2650020102001,2650020102001,testigo_electoral,test123,QUINDIO,LA TEBAIDA,Zona 02,IE PEDACITO DE CIELO,IE PEDACITO DE CIELO - Mesa 2,QUINDIO - LA TEBAIDA - Zona 02 - IE PEDACITO DE CIELO - Mesa 02,Sí,No,Nunca
308,testigo_2650020103001,2650020103001,testigo_electoral,test123,QUINDIO,LA TEBAIDA,Zona 02,IE PEDACITO DE CIELO,IE PEDACITO DE CIELO - Mesa 3,QUINDIO - LA TEBAIDA - Zona 02 - IE PEDACITO DE CIELO - Mesa 03,Sí,No,Nunca
309,testigo_2650020201001,2650020201001,testigo_electoral,test123,QUINDIO,LA TEBAIDA,Zona 02,INSTITUTO EDUC. ANTONIO NARIÑO,INSTITUTO EDUC. ANTONIO NARIÑO - Mesa 1,QUINDIO - LA TEBAIDA - Zona 02 - INSTITUTO EDUC. ANTONIO NARIÑO - Mesa 01,Sí,No,Nunca
310,testigo_2650020202001,2650020202001,testigo_electoral,test123,QUINDIO,LA TEBAIDA,Zona 02,INSTITUTO EDUC. ANTONIO NARIÑO,INSTITUTO EDUC. ANTONIO NARIÑO - Mesa 2,QUINDIO - LA TEBAIDA - Zona 02 - INSTITUTO EDUC. ANTONIO NARIÑO - Mesa 02,Sí,No,Nunca
311,testigo_2650992801001,2650992801001,testigo_electoral,test123,QUINDIO,LA TEBAIDA,Zona 99,LA HERRADURA  (LA SILVIA),LA HERRADURA  (LA SILVIA) - Mesa 1,QUINDIO - LA TEBAIDA - Zona 99 - LA HERRADURA  (LA SILVIA) - Mesa 01,Sí,No,Nunca
312,testigo_2660010101001,2660010101001,testigo_electoral,test123,QUINDIO,MONTENEGRO,Zona 01,ESC. RAFAEL URIBE,ESC. RAFAEL URIBE - Mesa 1,QUINDIO - MONTENEGRO - Zona 01 - ESC. RAFAEL URIBE - Mesa 01,Sí,No,Nunca
313,testigo_2660010102001,2660010102001,testigo_electoral,test123,QUINDIO,MONTENEGRO,Zona 01,ESC. RAFAEL URIBE,ESC. RAFAEL URIBE - Mesa 2,QUINDIO - MONTENEGRO - Zona 01 - ESC. RAFAEL URIBE - Mesa 02,Sí,No,Nunca
314,testigo_2660010201001,2660010201001,testigo_electoral,test123,QUINDIO,MONTENEGRO,Zona 01,COLEGIO INSTITUTO MONTENEGRO,COLEGIO INSTITUTO MONTENEGRO - Mesa 1,QUINDIO - MONTENEGRO - Zona 01 - COLEGIO INSTITUTO MONTENEGRO - Mesa 01,Sí,No,Nunca
315,testigo_2660010202001,2660010202001,testigo_electoral,test123,QUINDIO,MONTENEGRO,Zona 01,COLEGIO INSTITUTO MONTENEGRO,COLEGIO INSTITUTO MONTENEGRO - Mesa 2,QUINDIO - MONTENEGRO - Zona 01 - COLEGIO INSTITUTO MONTENEGRO - Mesa 02,Sí,No,Nunca
316,testigo_2660010203001,2660010203001,testigo_electoral,test123,QUINDIO,MONTENEGRO,Zona 01,COLEGIO INSTITUTO MONTENEGRO,COLEGIO INSTITUTO MONTENEGRO - Mesa 3,QUINDIO - MONTENEGRO - Zona 01 - COLEGIO INSTITUTO MONTENEGRO - Mesa 03,Sí,No,Nunca
317,testigo_2660010301001,2660010301001,testigo_electoral,test123,QUINDIO,MONTENEGRO,Zona 01,ESC FRANCISCO JOSE DE CALDAS,ESC FRANCISCO JOSE DE CALDAS - Mesa 1,QUINDIO - MONTENEGRO - Zona 01 - ESC FRANCISCO JOSE DE CALDAS - Mesa 01,Sí,No,Nunca
318,testigo_2660010302001,2660010302001,testigo_electoral,test123,QUINDIO,MONTENEGRO,Zona 01,ESC FRANCISCO JOSE DE CALDAS,ESC FRANCISCO JOSE DE CALDAS - Mesa 2,QUINDIO - MONTENEGRO - Zona 01 - ESC FRANCISCO JOSE DE CALDAS - Mesa 02,Sí,No,Nunca
319,testigo_2660010401001,2660010401001,testigo_electoral,test123,QUINDIO,MONTENEGRO,Zona 01,INSTITUCION EDUCATIVA JESUS MARIA OBANDO,INSTITUCION EDUCATIVA JESUS MARIA OBANDO - Mesa 1,QUINDIO - MONTENEGRO - Zona 01 - INSTITUCION EDUCATIVA JESUS MARIA OBANDO - Mesa 01,Sí,No,Nunca
320,testigo_2660020101001,2660020101001,testigo_electoral,test123,QUINDIO,MONTENEGRO,Zona 02,COL. SANTAMARIA GORETTI,COL. SANTAMARIA GORETTI - Mesa 1,QUINDIO - MONTENEGRO - Zona 02 - COL. SANTAMARIA GORETTI - Mesa 01,Sí,No,Nunca
321,testigo_2660020201001,2660020201001,testigo_electoral,test123,QUINDIO,MONTENEGRO,Zona 02,ESC. LOS FUNDADORES,ESC. LOS FUNDADORES - Mesa 1,QUINDIO - MONTENEGRO - Zona 02 - ESC. LOS FUNDADORES - Mesa 01,Sí,No,Nunca
322,testigo_2660020202001,2660020202001,testigo_electoral,test123,QUINDIO,MONTENEGRO,Zona 02,ESC. LOS FUNDADORES,ESC. LOS FUNDADORES - Mesa 2,QUINDIO - MONTENEGRO - Zona 02 - ESC. LOS FUNDADORES - Mesa 02,Sí,No,Nunca
323,testigo_2660020301001,2660020301001,testigo_electoral,test123,QUINDIO,MONTENEGRO,Zona 02,ESCUELA GENERAL SANTANDER,ESCUELA GENERAL SANTANDER - Mesa 1,QUINDIO - MONTENEGRO - Zona 02 - ESCUELA GENERAL SANTANDER - Mesa 01,Sí,No,Nunca
324,testigo_2660020401001,2660020401001,testigo_electoral,test123,QUINDIO,MONTENEGRO,Zona 02,COLEGIO JESUS MAESTRO,COLEGIO JESUS MAESTRO - Mesa 1,QUINDIO - MONTENEGRO - Zona 02 - COLEGIO JESUS MAESTRO - Mesa 01,Sí,No,Nunca
325,testigo_2660992801001,2660992801001,testigo_electoral,test123,QUINDIO,MONTENEGRO,Zona 99,ESCUELA EL CASTILLO,ESCUELA EL CASTILLO - Mesa 1,QUINDIO - MONTENEGRO - Zona 99 - ESCUELA EL CASTILLO - Mesa 01,Sí,No,Nunca
326,testigo_2660993401001,2660993401001,testigo_electoral,test123,QUINDIO,MONTENEGRO,Zona 99,PUEBLO TAPAO,PUEBLO TAPAO - Mesa 1,QUINDIO - MONTENEGRO - Zona 99 - PUEBLO TAPAO - Mesa 01,Sí,No,Nunca
327,testigo_2670000001001,2670000001001,testigo_electoral,test123,QUINDIO,PIJAO,Zona 00,PUESTO CABECERA MUNICIPAL,PUESTO CABECERA MUNICIPAL - Mesa 1,QUINDIO - PIJAO - Zona 00 - PUESTO CABECERA MUNICIPAL - Mesa 01,Sí,No,Nunca
328,testigo_2670000002001,2670000002001,testigo_electoral,test123,QUINDIO,PIJAO,Zona 00,PUESTO CABECERA MUNICIPAL,PUESTO CABECERA MUNICIPAL - Mesa 2,QUINDIO - PIJAO - Zona 00 - PUESTO CABECERA MUNICIPAL - Mesa 02,Sí,No,Nunca
329,testigo_2670991101001,2670991101001,testigo_electoral,test123,QUINDIO,PIJAO,Zona 99,BARRAGAN,BARRAGAN - Mesa 1,QUINDIO - PIJAO - Zona 99 - BARRAGAN - Mesa 01,Sí,No,Nunca
330,testigo_2670991301001,2670991301001,testigo_electoral,test123,QUINDIO,PIJAO,Zona 99,LA MARIELA,LA MARIELA - Mesa 1,QUINDIO - PIJAO - Zona 99 - LA MARIELA - Mesa 01,Sí,No,Nunca
331,testigo_2670995701001,2670995701001,testigo_electoral,test123,QUINDIO,PIJAO,Zona 99,MAIZENA ALTA,MAIZENA ALTA - Mesa 1,QUINDIO - PIJAO - Zona 99 - MAIZENA ALTA - Mesa 01,Sí,No,Nunca
332,testigo_2680010101001,2680010101001,testigo_electoral,test123,QUINDIO,QUIMBAYA,Zona 01,INST. EDU.  POLICARPA SALAVARRIETA,INST. EDU.  POLICARPA SALAVARRIETA - Mesa 1,QUINDIO - QUIMBAYA - Zona 01 - INST. EDU.  POLICARPA SALAVARRIETA - Mesa 01,Sí,No,Nunca
333,testigo_2680010102001,2680010102001,testigo_electoral,test123,QUINDIO,QUIMBAYA,Zona 01,INST. EDU.  POLICARPA SALAVARRIETA,INST. EDU.  POLICARPA SALAVARRIETA - Mesa 2,QUINDIO - QUIMBAYA - Zona 01 - INST. EDU.  POLICARPA SALAVARRIETA - Mesa 02,Sí,No,Nunca
334,testigo_2680010201001,2680010201001,testigo_electoral,test123,QUINDIO,QUIMBAYA,Zona 01,I.E. DE MERCADOTECNIA MARIA INMACULADA,I.E. DE MERCADOTECNIA MARIA INMACULADA - Mesa 1,QUINDIO - QUIMBAYA - Zona 01 - I.E. DE MERCADOTECNIA MARIA INMACULADA - Mesa 01,Sí,No,Nunca
335,testigo_2680010202001,2680010202001,testigo_electoral,test123,QUINDIO,QUIMBAYA,Zona 01,I.E. DE MERCADOTECNIA MARIA INMACULADA,I.E. DE MERCADOTECNIA MARIA INMACULADA - Mesa 2,QUINDIO - QUIMBAYA - Zona 01 - I.E. DE MERCADOTECNIA MARIA INMACULADA - Mesa 02,Sí,No,Nunca
336,testigo_2680010301001,2680010301001,testigo_electoral,test123,QUINDIO,QUIMBAYA,Zona 01,INSTITUCION EDUCATIVA SADEQUI,INSTITUCION EDUCATIVA SADEQUI - Mesa 1,QUINDIO - QUIMBAYA - Zona 01 - INSTITUCION EDUCATIVA SADEQUI - Mesa 01,Sí,No,Nunca
337,testigo_2680010401001,2680010401001,testigo_electoral,test123,QUINDIO,QUIMBAYA,Zona 01,INSTITUCION EDUCATIVA  ESPIRITU SANTO,INSTITUCION EDUCATIVA  ESPIRITU SANTO - Mesa 1,QUINDIO - QUIMBAYA - Zona 01 - INSTITUCION EDUCATIVA  ESPIRITU SANTO - Mesa 01,Sí,No,Nunca
338,testigo_2680010501001,2680010501001,testigo_electoral,test123,QUINDIO,QUIMBAYA,Zona 01,INSTITUCION EDUCATIVA ANTONIA SANTOS,INSTITUCION EDUCATIVA ANTONIA SANTOS - Mesa 1,QUINDIO - QUIMBAYA - Zona 01 - INSTITUCION EDUCATIVA ANTONIA SANTOS - Mesa 01,Sí,No,Nunca
339,testigo_2680020101001,2680020101001,testigo_electoral,test123,QUINDIO,QUIMBAYA,Zona 02,INSTITUCION EDUCATIVA ANTONIO RICAURTE,INSTITUCION EDUCATIVA ANTONIO RICAURTE - Mesa 1,QUINDIO - QUIMBAYA - Zona 02 - INSTITUCION EDUCATIVA ANTONIO RICAURTE - Mesa 01,Sí,No,Nunca
340,testigo_2680020201001,2680020201001,testigo_electoral,test123,QUINDIO,QUIMBAYA,Zona 02,INSTITUCION EDUCATIVA SIMON BOLIVAR,INSTITUCION EDUCATIVA SIMON BOLIVAR - Mesa 1,QUINDIO - QUIMBAYA - Zona 02 - INSTITUCION EDUCATIVA SIMON BOLIVAR - Mesa 01,Sí,No,Nunca
341,testigo_2680020202001,2680020202001,testigo_electoral,test123,QUINDIO,QUIMBAYA,Zona 02,INSTITUCION EDUCATIVA SIMON BOLIVAR,INSTITUCION EDUCATIVA SIMON BOLIVAR - Mesa 2,QUINDIO - QUIMBAYA - Zona 02 - INSTITUCION EDUCATIVA SIMON BOLIVAR - Mesa 02,Sí,No,Nunca
342,testigo_2680020301001,2680020301001,testigo_electoral,test123,QUINDIO,QUIMBAYA,Zona 02,I.E. SAGRADO CORAZON DE JESUS,I.E. SAGRADO CORAZON DE JESUS - Mesa 1,QUINDIO - QUIMBAYA - Zona 02 - I.E. SAGRADO CORAZON DE JESUS - Mesa 01,Sí,No,Nunca
343,testigo_2680900101001,2680900101001,testigo_electoral,test123,QUINDIO,QUIMBAYA,Zona 90,INSTITUCION EDUCATIVA INSTITUTO QUIMBAYA,INSTITUCION EDUCATIVA INSTITUTO QUIMBAYA - Mesa 1,QUINDIO - QUIMBAYA - Zona 90 - INSTITUCION EDUCATIVA INSTITUTO QUIMBAYA - Mesa 01,Sí,No,Nunca
344,testigo_2680900102001,2680900102001,testigo_electoral,test123,QUINDIO,QUIMBAYA,Zona 90,INSTITUCION EDUCATIVA INSTITUTO QUIMBAYA,INSTITUCION EDUCATIVA INSTITUTO QUIMBAYA - Mesa 2,QUINDIO - QUIMBAYA - Zona 90 - INSTITUCION EDUCATIVA INSTITUTO QUIMBAYA - Mesa 02,Sí,No,Nunca
345,testigo_2680992901001,2680992901001,testigo_electoral,test123,QUINDIO,QUIMBAYA,Zona 99,EL JAZMIN,EL JAZMIN - Mesa 1,QUINDIO - QUIMBAYA - Zona 99 - EL JAZMIN - Mesa 01,Sí,No,Nunca
346,testigo_2680993001001,2680993001001,testigo_electoral,test123,QUINDIO,QUIMBAYA,Zona 99,INSTITUCION EDUCATIVA RURAL EL LAUREL,INSTITUCION EDUCATIVA RURAL EL LAUREL - Mesa 1,QUINDIO - QUIMBAYA - Zona 99 - INSTITUCION EDUCATIVA RURAL EL LAUREL - Mesa 01,Sí,No,Nunca
347,testigo_2680993201001,2680993201001,testigo_electoral,test123,QUINDIO,QUIMBAYA,Zona 99,INSTITUCION EDUCATIVA  NARANJAL,INSTITUCION EDUCATIVA  NARANJAL - Mesa 1,QUINDIO - QUIMBAYA - Zona 99 - INSTITUCION EDUCATIVA  NARANJAL - Mesa 01,Sí,No,Nunca
348,testigo_2680995301001,2680995301001,testigo_electoral,test123,QUINDIO,QUIMBAYA,Zona 99,LA MESA BAJA,LA MESA BAJA - Mesa 1,QUINDIO - QUIMBAYA - Zona 99 - LA MESA BAJA - Mesa 01,Sí,No,Nunca
349,testigo_2680997201001,2680997201001,testigo_electoral,test123,QUINDIO,QUIMBAYA,Zona 99,IE RAMON MESSA LONDOÑO,IE RAMON MESSA LONDOÑO - Mesa 1,QUINDIO - QUIMBAYA - Zona 99 - IE RAMON MESSA LONDOÑO - Mesa 01,Sí,No,Nunca
350,testigo_2680997301001,2680997301001,testigo_electoral,test123,QUINDIO,QUIMBAYA,Zona 99,PUERTO ALEJANDRIA,PUERTO ALEJANDRIA - Mesa 1,QUINDIO - QUIMBAYA - Zona 99 - PUERTO ALEJANDRIA - Mesa 01,Sí,No,Nunca
351,testigo_2690000001001,2690000001001,testigo_electoral,test123,QUINDIO,SALENTO,Zona 00,PUESTO CABECERA MUNICIPAL,PUESTO CABECERA MUNICIPAL - Mesa 1,QUINDIO - SALENTO - Zona 00 - PUESTO CABECERA MUNICIPAL - Mesa 01,Sí,No,Nunca
352,testigo_2690000002001,2690000002001,testigo_electoral,test123,QUINDIO,SALENTO,Zona 00,PUESTO CABECERA MUNICIPAL,PUESTO CABECERA MUNICIPAL - Mesa 2,QUINDIO - SALENTO - Zona 00 - PUESTO CABECERA MUNICIPAL - Mesa 02,Sí,No,Nunca
353,testigo_2690991101001,2690991101001,testigo_electoral,test123,QUINDIO,SALENTO,Zona 99,BOQUIA,BOQUIA - Mesa 1,QUINDIO - SALENTO - Zona 99 - BOQUIA - Mesa 01,Sí,No,Nunca
354,testigo_2690991401001,2690991401001,testigo_electoral,test123,QUINDIO,SALENTO,Zona 99,CANAAN,CANAAN - Mesa 1,QUINDIO - SALENTO - Zona 99 - CANAAN - Mesa 01,Sí,No,Nunca
355,testigo_2690992001001,2690992001001,testigo_electoral,test123,QUINDIO,SALENTO,Zona 99,COCORA (PALESTINA),COCORA (PALESTINA) - Mesa 1,QUINDIO - SALENTO - Zona 99 - COCORA (PALESTINA) - Mesa 01,Sí,No,Nunca
356,testigo_2690995401001,2690995401001,testigo_electoral,test123,QUINDIO,SALENTO,Zona 99,LA NUBIA,LA NUBIA - Mesa 1,QUINDIO - SALENTO - Zona 99 - LA NUBIA - Mesa 01,Sí,No,Nunca
